-- MySQL dump 10.13  Distrib 8.0.28, for Win64 (x86_64)
--
-- Host: 192.168.12.187    Database: student_mis
-- ------------------------------------------------------
-- Server version	5.7.36

/*!40101 SET @OLD_CHARACTER_SET_CLIENT = @@CHARACTER_SET_CLIENT */;
/*!40101 SET @OLD_CHARACTER_SET_RESULTS = @@CHARACTER_SET_RESULTS */;
/*!40101 SET @OLD_COLLATION_CONNECTION = @@COLLATION_CONNECTION */;
/*!50503 SET NAMES utf8mb4 */;
/*!40103 SET @OLD_TIME_ZONE = @@TIME_ZONE */;
/*!40103 SET TIME_ZONE = '+00:00' */;
/*!40014 SET @OLD_UNIQUE_CHECKS = @@UNIQUE_CHECKS, UNIQUE_CHECKS = 0 */;
/*!40014 SET @OLD_FOREIGN_KEY_CHECKS = @@FOREIGN_KEY_CHECKS, FOREIGN_KEY_CHECKS = 0 */;
/*!40101 SET @OLD_SQL_MODE = @@SQL_MODE, SQL_MODE = 'NO_AUTO_VALUE_ON_ZERO' */;
/*!40111 SET @OLD_SQL_NOTES = @@SQL_NOTES, SQL_NOTES = 0 */;

create database student_mis;
use student_mis;

--
-- Table structure for table `admin`
--

DROP TABLE IF EXISTS `admin`;
/*!40101 SET @saved_cs_client = @@character_set_client */;
/*!50503 SET character_set_client = utf8mb4 */;
CREATE TABLE `admin`
(
    `id`          int(11)      NOT NULL AUTO_INCREMENT,
    `username`    varchar(50)  NOT NULL DEFAULT '',
    `password`    varchar(255) NOT NULL DEFAULT '',
    `real_name`   varchar(50)  NOT NULL DEFAULT '',
    `level`       tinyint(4)   NOT NULL DEFAULT '0',
    `school`      varchar(50)  NOT NULL DEFAULT '',
    `email`       varchar(50)  NOT NULL DEFAULT '0',
    `phone`       varchar(50)  NOT NULL DEFAULT '',
    `sex`         tinyint(4)   NOT NULL DEFAULT '0',
    `create_time` timestamp    NOT NULL DEFAULT CURRENT_TIMESTAMP COMMENT '创建时间',
    `is_del`      int(11)      NOT NULL DEFAULT '0',
    `version`     int(11)      NOT NULL DEFAULT '0',
    PRIMARY KEY (`id`) USING BTREE
) ENGINE = InnoDB
  AUTO_INCREMENT = 26
  DEFAULT CHARSET = utf8mb4
  ROW_FORMAT = DYNAMIC;

--
-- Dumping data for table `admin`
--

LOCK TABLES `admin` WRITE;
/*!40000 ALTER TABLE `admin`
    DISABLE KEYS */;
INSERT INTO `admin`
VALUES (1, 'root', 'ROOT', '时光', 0, '重庆邮电大学', '1258663146@qq.com', '15658596941', 0, '2020-03-28 07:06:24', 0,
        0),
       (22, 'GsfZphG2', 'root', '111', 0, '重庆邮电大学', '1421@qq.com', '14342424242', 0, '2024-03-29 09:17:23', 1, 0),
       (23, 'oVSG6aZ3', 'root', '发的发顺丰', 0, '重庆邮电大学', '12412@qq.com', '15823842638', 0,
        '2024-03-29 09:18:01', 1, 0),
       (24, 'HR75MEW2', 'root', '243143112431', 0, '重庆邮电大学', '124312@qq.com', '15823842638', 0,
        '2024-03-29 09:25:53', 0, 0),
       (25, '86119873', 'root', '42141', 0, '重庆邮电大学', '1421@qq.com', '15824748273', 0, '2024-03-29 09:31:42', 0,
        0);
/*!40000 ALTER TABLE `admin`
    ENABLE KEYS */;
UNLOCK TABLES;

--
-- Table structure for table `course`
--

DROP TABLE IF EXISTS `course`;
/*!40101 SET @saved_cs_client = @@character_set_client */;
/*!50503 SET character_set_client = utf8mb4 */;
CREATE TABLE `course`
(
    `id`          varchar(50)   NOT NULL DEFAULT '' COMMENT '编号',
    `name`        varchar(40)   NOT NULL COMMENT '课程名',
    `credits`     decimal(4, 1) NOT NULL DEFAULT '2.0' COMMENT '学分',
    `score`       int(11)       NOT NULL DEFAULT '100' COMMENT '满分',
    `number`      int(4)        NOT NULL DEFAULT '32' COMMENT '课时',
    `year`        int(6)        NOT NULL DEFAULT '2016' COMMENT '届时',
    `term`        tinyint(4)    NOT NULL DEFAULT '0' COMMENT '学期',
    `type`        tinyint(4)    NOT NULL DEFAULT '1' COMMENT '类别 1必修 2选修',
    `profession`  varchar(50)   NOT NULL DEFAULT '' COMMENT '专业',
    `create_time` timestamp     NOT NULL DEFAULT CURRENT_TIMESTAMP,
    `is_del`      int(11)       NOT NULL DEFAULT '0',
    `version`     int(11)       NOT NULL DEFAULT '0',
    PRIMARY KEY (`id`) USING BTREE
) ENGINE = InnoDB
  DEFAULT CHARSET = utf8mb4
  ROW_FORMAT = DYNAMIC;

--
-- Dumping data for table `course`
--

LOCK TABLES `course` WRITE;
/*!40000 ALTER TABLE `course`
    DISABLE KEYS */;
INSERT INTO `course`
VALUES ('001', 'testClass', 2.0, 100, 16, 2020, 1, 1, 'test', '2024-04-02 02:44:16', 1, 0),
       ('2016011001', '数字电路基础', 4.0, 100, 18, 2016, 1, 1, '电子信息工程', '2020-05-04 13:36:06', 0, 0),
       ('2016011002', '大学物理', 4.0, 100, 20, 2016, 1, 1, '电子信息工程', '2020-05-04 13:36:05', 0, 0),
       ('2016011003', '线性代数', 1.0, 100, 18, 2016, 1, 1, '电子信息工程', '2020-05-04 13:36:04', 0, 0),
       ('2016011004', '复变函数', 2.0, 100, 18, 2016, 1, 1, '电子信息工程', '2020-05-04 13:36:03', 0, 0),
       ('2016011005', '模拟电子线路', 4.0, 100, 18, 2016, 1, 1, '电子信息工程', '2020-05-04 13:36:02', 0, 0),
       ('2016011006', '信号与系统', 2.0, 100, 18, 2016, 1, 1, '电子信息工程', '2020-05-04 13:36:01', 0, 0),
       ('2016011007', '大学英语', 4.0, 100, 18, 2016, 1, 1, '电子信息工程', '2020-05-04 13:36:07', 0, 0),
       ('2016011008', '体育', 1.0, 100, 16, 2016, 1, 1, '电子信息工程', '2020-05-04 13:36:08', 0, 0),
       ('2016011009', '电子技术', 2.0, 100, 16, 2016, 1, 1, '电子信息工程', '2020-05-04 13:36:09', 0, 0),
       ('2016011010', '多媒体技术', 2.0, 100, 18, 2016, 1, 1, '电子信息工程', '2020-05-04 13:36:10', 0, 0),
       ('2016021001', '物联网工程导论', 2.0, 100, 18, 2016, 1, 1, '物联网', '2020-05-04 13:36:10', 0, 0),
       ('2016021002', '物联网安全', 2.0, 100, 18, 2016, 1, 1, '物联网', '2020-05-04 13:40:55', 0, 0),
       ('2016021003', '现代通信技术', 1.0, 100, 18, 2016, 1, 1, '物联网', '2020-05-04 13:47:11', 0, 0),
       ('2016021004', '无线传感器网络', 4.0, 100, 18, 2016, 1, 1, '物联网', '2020-05-04 13:51:16', 0, 0),
       ('2016021005', '现代传感器技术', 2.0, 100, 18, 2016, 1, 1, '物联网', '2020-05-04 13:52:23', 0, 0),
       ('2016021006', '信号与系统概论', 2.0, 100, 18, 2016, 1, 1, '物联网', '2020-05-04 13:53:33', 0, 0),
       ('2016031001', '计算机网络技术', 1.0, 100, 18, 2016, 1, 1, '计算机', '2020-05-04 13:54:51', 0, 0),
       ('2016031002', '网络与通信', 1.0, 100, 18, 2016, 1, 1, '计算机', '2020-05-04 13:55:28', 0, 0),
       ('2016031003', '计算机安全', 2.0, 100, 15, 2016, 1, 1, '计算机', '2020-05-04 13:55:51', 0, 0),
       ('2016031004', '算法与数据结构', 4.0, 100, 18, 2016, 1, 1, '计算机', '2020-05-04 13:56:17', 0, 0),
       ('2016031005', '多媒体信息处理', 2.0, 100, 14, 2016, 1, 1, '计算机', '2020-05-04 13:56:42', 0, 0),
       ('2016031006', '计算机组成原理', 2.0, 100, 18, 2016, 1, 1, '计算机', '2020-05-04 13:57:38', 0, 0),
       ('2016041001', '高频电子线路', 4.0, 100, 18, 2016, 1, 1, '通信工程', '2020-05-04 13:58:30', 0, 0),
       ('2016041002', '光纤通讯', 2.0, 100, 16, 2016, 1, 1, '通信工程', '2020-05-04 13:58:44', 0, 0),
       ('2016041003', '移动通讯', 1.0, 100, 18, 2016, 1, 1, '通信工程', '2020-05-04 13:58:59', 0, 0),
       ('2016041004', '电路分析', 1.0, 100, 18, 2016, 1, 1, '通信工程', '2020-05-04 13:59:12', 0, 0),
       ('2016041005', '程控交换技术', 2.0, 100, 18, 2016, 1, 1, '通信工程', '2020-05-04 14:05:37', 0, 0),
       ('2016041006', '通信原理', 4.0, 100, 18, 2016, 1, 1, '通信工程', '2020-05-04 14:05:57', 0, 0),
       ('2020131001', 'testClass', 2.0, 100, 16, 2020, 1, 1, 'test', '2024-04-02 02:54:32', 0, 0),
       ('2020131002', 'testClass', 2.0, 100, 16, 2020, 1, 1, 'test', '2024-04-02 02:58:17', 0, 0);
/*!40000 ALTER TABLE `course`
    ENABLE KEYS */;
UNLOCK TABLES;

--
-- Table structure for table `course_info`
--

DROP TABLE IF EXISTS `course_info`;
/*!40101 SET @saved_cs_client = @@character_set_client */;
/*!50503 SET character_set_client = utf8mb4 */;
CREATE TABLE `course_info`
(
    `id`         int(11)     NOT NULL AUTO_INCREMENT,
    `course_id`  varchar(50) NOT NULL,
    `start`      int(11)     NOT NULL,
    `end`        int(11)     NOT NULL,
    `room`       varchar(50)          DEFAULT NULL,
    `profession` varchar(50)          DEFAULT NULL,
    `is_del`     int(11)     NOT NULL DEFAULT '0',
    `version`    int(11)     NOT NULL DEFAULT '0',
    PRIMARY KEY (`id`) USING BTREE
) ENGINE = InnoDB
  AUTO_INCREMENT = 35
  DEFAULT CHARSET = utf8mb4
  ROW_FORMAT = DYNAMIC;

--
-- Dumping data for table `course_info`
--

LOCK TABLES `course_info` WRITE;
/*!40000 ALTER TABLE `course_info`
    DISABLE KEYS */;
INSERT INTO `course_info`
VALUES (1, '2016011001', 1, 25, '404', '电子信息工程', 0, 0),
       (2, '2016011002', 1, 25, '401', '电子信息工程', 0, 0),
       (3, '2016011003', 1, 25, '403', '电子信息工程', 0, 0),
       (4, '2016011004', 1, 25, '406', '电子信息工程', 0, 0),
       (5, '2016011005', 1, 25, '403', '电子信息工程', 0, 0),
       (6, '2016011006', 1, 25, '402', '电子信息工程', 0, 0),
       (7, '2016021001', 1, 25, '505', '物联网', 0, 0),
       (8, '2016021002', 1, 25, NULL, '物联网', 0, 0),
       (9, '2016021003', 1, 25, NULL, '物联网', 0, 0),
       (10, '2016021005', 1, 25, NULL, '物联网', 0, 0),
       (11, '2016021006', 1, 25, NULL, '物联网', 0, 0),
       (12, '2016031001', 1, 25, '506', '计算机', 0, 0),
       (13, '2016031002', 1, 25, NULL, '计算机', 0, 0),
       (14, '2016031003', 1, 25, NULL, '计算机', 0, 0),
       (15, '2016031004', 1, 25, NULL, '计算机', 0, 0),
       (16, '2016031005', 1, 25, NULL, '计算机', 0, 0),
       (17, '2016031006', 1, 25, NULL, '计算机', 0, 0),
       (18, '2016041001', 1, 25, '506', '通信工程', 0, 0),
       (19, '2016041002', 1, 25, NULL, '通信工程', 0, 0),
       (20, '2016041003', 1, 25, NULL, '通信工程', 0, 0),
       (21, '2016021004', 1, 25, NULL, '物联网', 0, 0),
       (22, '2016041004', 1, 25, NULL, '通信工程', 0, 0),
       (23, '2016041005', 1, 25, NULL, '通信工程', 0, 0),
       (24, '2016041006', 1, 25, NULL, '通信工程', 0, 0),
       (27, '2016011007', 1, 25, NULL, '电子信息工程', 0, 0),
       (28, '2016011008', 1, 25, NULL, '电子信息工程', 0, 0),
       (29, '2016011009', 1, 25, NULL, '电子信息工程', 0, 0),
       (30, '2016011010', 1, 25, NULL, '电子信息工程', 0, 0),
       (32, '001', 2, 23, '暂未分配', 'test', 0, 0),
       (33, '2020131001', 2, 23, '暂未分配', 'test', 0, 0),
       (34, '2020131002', 2, 23, '428', 'test', 0, 0);
/*!40000 ALTER TABLE `course_info`
    ENABLE KEYS */;
UNLOCK TABLES;

--
-- Table structure for table `profession`
--

DROP TABLE IF EXISTS `profession`;
/*!40101 SET @saved_cs_client = @@character_set_client */;
/*!50503 SET character_set_client = utf8mb4 */;
CREATE TABLE `profession`
(
    `id`      int(11)     NOT NULL AUTO_INCREMENT,
    `name`    varchar(50) NOT NULL,
    `is_del`  int(11)     NOT NULL DEFAULT '0',
    `version` int(11)     NOT NULL DEFAULT '0',
    PRIMARY KEY (`id`) USING BTREE
) ENGINE = InnoDB
  AUTO_INCREMENT = 14
  DEFAULT CHARSET = utf8mb4
  ROW_FORMAT = DYNAMIC;

--
-- Dumping data for table `profession`
--

LOCK TABLES `profession` WRITE;
/*!40000 ALTER TABLE `profession`
    DISABLE KEYS */;
INSERT INTO `profession`
VALUES (1, '电子信息工程', 0, 0),
       (2, '物联网', 0, 0),
       (3, '计算机', 0, 0),
       (4, '通信工程', 0, 0),
       (5, '土木工程', 0, 0),
       (6, '网络工程', 0, 0),
       (7, '工程造价', 0, 0),
       (8, '会计', 0, 0),
       (9, '环境工程', 0, 0),
       (12, '123', 0, 0),
       (13, 'test', 0, 0);
/*!40000 ALTER TABLE `profession`
    ENABLE KEYS */;
UNLOCK TABLES;

--
-- Table structure for table `silent`
--

DROP TABLE IF EXISTS `silent`;
/*!40101 SET @saved_cs_client = @@character_set_client */;
/*!50503 SET character_set_client = utf8mb4 */;
CREATE TABLE `silent`
(
    `id`      int(11)    NOT NULL AUTO_INCREMENT,
    `state`   tinyint(4) NOT NULL,
    `is_del`  int(11)    NOT NULL DEFAULT '0',
    `version` int(11)    NOT NULL DEFAULT '0',
    PRIMARY KEY (`id`) USING BTREE
) ENGINE = InnoDB
  AUTO_INCREMENT = 2
  DEFAULT CHARSET = utf8mb4
  ROW_FORMAT = DYNAMIC;

--
-- Dumping data for table `silent`
--

LOCK TABLES `silent` WRITE;
/*!40000 ALTER TABLE `silent`
    DISABLE KEYS */;
INSERT INTO `silent`
VALUES (1, 0, 0, 2);
/*!40000 ALTER TABLE `silent`
    ENABLE KEYS */;
UNLOCK TABLES;

--
-- Table structure for table `student`
--

DROP TABLE IF EXISTS `student`;
/*!40101 SET @saved_cs_client = @@character_set_client */;
/*!50503 SET character_set_client = utf8mb4 */;
CREATE TABLE `student`
(
    `id`             varchar(50)  NOT NULL,
    `username`       varchar(50)  NOT NULL DEFAULT '',
    `password`       varchar(255) NOT NULL DEFAULT '',
    `real_name`      varchar(50)  NOT NULL DEFAULT '',
    `level`          tinyint(4)   NOT NULL DEFAULT '2',
    `school`         varchar(50)  NOT NULL DEFAULT '',
    `admission_time` varchar(50)  NOT NULL DEFAULT '',
    `email`          varchar(50)  NOT NULL DEFAULT '0',
    `profession`     varchar(50)  NOT NULL DEFAULT '',
    `grade`          int(11)      NOT NULL,
    `phone`          varchar(50)  NOT NULL DEFAULT '',
    `sex`            tinyint(4)   NOT NULL DEFAULT '0',
    `create_time`    timestamp    NOT NULL DEFAULT CURRENT_TIMESTAMP COMMENT '创建时间',
    `is_del`         int(11)      NOT NULL DEFAULT '0',
    `version`        int(11)      NOT NULL DEFAULT '0',
    PRIMARY KEY (`id`) USING BTREE
) ENGINE = InnoDB
  DEFAULT CHARSET = utf8mb4
  ROW_FORMAT = DYNAMIC;

--
-- Dumping data for table `student`
--

LOCK TABLES `student` WRITE;
/*!40000 ALTER TABLE `student`
    DISABLE KEYS */;
INSERT INTO `student`
VALUES ('3168901101', '3168901101', '123456', '林立川', 2, '重庆邮电大学', '2016', '1809674320@qq.com', '电子信息工程',
        1601, '13358204423', 1, '2020-03-31 07:50:22', 0, 0),
       ('3168901102', '3168901102', '123456', '韩季强', 2, '重庆邮电大学', '2016', '1809674320@qq.com', '电子信息工程',
        1601, '13904568561', 0, '2020-03-31 07:50:22', 0, 0),
       ('3168901103', '3168901103', '123456', '曹维启', 2, '重庆邮电大学', '2016', '1809674320@qq.com', '电子信息工程',
        1601, '13700090921', 0, '2020-03-31 07:53:31', 0, 0),
       ('3168901104', '3168901104', '123456', '吕德', 2, '重庆邮电大学', '2016', '1809674320@qq.com', '电子信息工程',
        1601, '15903373628', 1, '2020-03-31 07:53:31', 0, 0),
       ('3168901105', '3168901105', '123456', '柏泽', 2, '重庆邮电大学', '2016', '1809674320@qq.com', '电子信息工程',
        1601, '13306440038', 0, '2020-03-31 07:53:31', 0, 0),
       ('3168901106', '3168901106', '123456', '熊辉力', 2, '重庆邮电大学', '2016', '1809674320@qq.com', '电子信息工程',
        1601, '13600865966', 1, '2020-03-31 07:53:31', 0, 0),
       ('3168901107', '3168901107', '123456', '傅冠', 2, '重庆邮电大学', '2016', '1809674320@qq.com', '电子信息工程',
        1601, '13701752096', 0, '2020-03-31 07:53:32', 0, 0),
       ('3168901108', '3168901108', '123456', '酆保', 2, '重庆邮电大学', '2016', '1809674320@qq.com', '电子信息工程',
        1601, '15200310443', 1, '2020-03-31 07:53:32', 0, 0),
       ('3168901109', '3168901109', '123456', '郑腾', 2, '重庆邮电大学', '2016', '1809674320@qq.com', '电子信息工程',
        1601, '13803191852', 0, '2020-03-31 07:53:32', 0, 0),
       ('3168901110', '3168901110', '123456', '吴斌', 2, '重庆邮电大学', '2016', '1809674320@qq.com', '电子信息工程',
        1601, '13104042247', 0, '2020-03-31 07:53:32', 0, 0),
       ('3168901111', '3168901111', '123456', '柳慧巧', 2, '重庆邮电大学', '2016', '1809674320@qq.com', '电子信息工程',
        1601, '13704864349', 0, '2020-03-31 07:53:32', 0, 0),
       ('3168901112', '3168901112', '123456', '伏颖', 2, '重庆邮电大学', '2016', '1809674320@qq.com', '电子信息工程',
        1601, '13003758800', 0, '2020-03-31 07:53:32', 0, 0),
       ('3168901113', '3168901113', '123456', '鲍翔旭', 2, '重庆邮电大学', '2016', '1809674320@qq.com', '电子信息工程',
        1601, '15105275012', 0, '2020-03-31 07:53:32', 0, 0),
       ('3168901114', '3168901114', '123456', '周泰盛', 2, '重庆邮电大学', '2016', '1809674320@qq.com', '电子信息工程',
        1601, '13605744985', 1, '2020-03-31 07:53:32', 0, 0),
       ('3168901115', '3168901115', '123456', '葛思', 2, '重庆邮电大学', '2016', '1809674320@qq.com', '电子信息工程',
        1601, '13102513003', 0, '2020-03-31 07:53:32', 0, 0),
       ('3168901116', '3168901116', '123456', '舒乐', 2, '重庆邮电大学', '2016', '1809674320@qq.com', '电子信息工程',
        1601, '13004250563', 0, '2020-03-31 07:53:32', 0, 0),
       ('3168901117', '3168901117', '123456', '孔月莺', 2, '重庆邮电大学', '2016', '1809674320@qq.com', '电子信息工程',
        1601, '13402975067', 0, '2020-03-31 07:53:32', 0, 0),
       ('3168901118', '3168901118', '123456', '姜斌', 2, '重庆邮电大学', '2016', '1809674320@qq.com', '电子信息工程',
        1601, '15301138688', 1, '2020-03-31 07:53:32', 0, 0),
       ('3168901119', '3168901119', '123456', '汪敬震', 2, '重庆邮电大学', '2016', '1809674320@qq.com', '电子信息工程',
        1601, '15704356031', 0, '2020-03-31 07:53:32', 0, 0),
       ('3168901120', '3168901120', '123456', '曹旭', 2, '重庆邮电大学', '2016', '1809674320@qq.com', '电子信息工程',
        1601, '13508641007', 0, '2020-03-31 07:53:32', 0, 0),
       ('3168901121', '3168901121', '123456', '柳影荔', 2, '重庆邮电大学', '2016', '1809674320@qq.com', '电子信息工程',
        1601, '13006594022', 1, '2020-03-31 07:53:32', 0, 0),
       ('3168901122', '3168901122', '123456', '蓝敬震', 2, '重庆邮电大学', '2016', '1809674320@qq.com', '电子信息工程',
        1601, '15001253493', 0, '2020-03-31 07:53:32', 0, 0),
       ('3168901123', '3168901123', '123456', '陈启', 2, '重庆邮电大学', '2016', '1809674320@qq.com', '电子信息工程',
        1601, '15901024868', 1, '2020-03-31 07:53:33', 0, 0),
       ('3168901124', '3168901124', '123456', '严发', 2, '重庆邮电大学', '2016', '1809674320@qq.com', '电子信息工程',
        1601, '13402228948', 0, '2020-03-31 07:53:33', 0, 0),
       ('3168901125', '3168901125', '123456', '严强军', 2, '重庆邮电大学', '2016', '1809674320@qq.com', '电子信息工程',
        1601, '13501243126', 1, '2020-03-31 07:51:39', 0, 0),
       ('3168901126', '3168901126', '123456', '傅梅', 2, '重庆邮电大学', '2016', '1809674320@qq.com', '电子信息工程',
        1601, '13304491796', 0, '2020-03-31 07:57:17', 0, 0),
       ('3168901127', '3168901127', '123456', '齐莲', 2, '重庆邮电大学', '2016', '1809674320@qq.com', '电子信息工程',
        1601, '13506746627', 1, '2020-03-31 07:57:17', 0, 0),
       ('3168901128', '3168901128', '123456', '邹燕彩', 2, '重庆邮电大学', '2016', '1809674320@qq.com', '电子信息工程',
        1601, '15806244167', 1, '2020-03-31 07:57:17', 0, 0),
       ('3168901129', '3168901129', '123456', '滕承乐', 2, '重庆邮电大学', '2016', '1809674320@qq.com', '电子信息工程',
        1601, '15302491589', 1, '2020-03-31 07:57:18', 0, 0),
       ('3168901130', '3168901130', '123456', '吴翰', 2, '重庆邮电大学', '2016', '1809674320@qq.com', '电子信息工程',
        1601, '15906814748', 0, '2020-03-31 07:57:18', 0, 0),
       ('3168901131', '3168901131', '123456', '杨梦', 2, '重庆邮电大学', '2016', '1809674320@qq.com', '电子信息工程',
        1601, '13507047383', 0, '2020-03-31 07:57:18', 0, 0),
       ('3168901132', '3168901132', '123456', '尹厚庆', 2, '重庆邮电大学', '2016', '1809674320@qq.com', '电子信息工程',
        1601, '15300773435', 1, '2020-03-31 07:57:18', 0, 0),
       ('3168901133', '3168901133', '123456', '康莎', 2, '重庆邮电大学', '2016', '1809674320@qq.com', '电子信息工程',
        1601, '15602604715', 1, '2020-03-31 07:57:18', 0, 0),
       ('3168901134', '3168901134', '123456', '薛婉娴', 2, '重庆邮电大学', '2016', '1809674320@qq.com', '电子信息工程',
        1601, '15206754657', 1, '2020-03-31 07:57:18', 0, 0),
       ('3168901135', '3168901135', '123456', '毕强军', 2, '重庆邮电大学', '2016', '1809674320@qq.com', '电子信息工程',
        1601, '13403206262', 1, '2020-03-31 07:57:19', 0, 0),
       ('3168901136', '3168901136', '123456', '孔雅', 2, '重庆邮电大学', '2016', '1809674320@qq.com', '电子信息工程',
        1601, '13406450046', 0, '2020-03-31 07:57:19', 0, 0),
       ('3168901137', '3168901137', '123456', '谈世', 2, '重庆邮电大学', '2016', '1809674320@qq.com', '电子信息工程',
        1601, '13307891428', 0, '2020-03-31 07:57:19', 0, 0),
       ('3168901138', '3168901138', '123456', '米勤', 2, '重庆邮电大学', '2016', '1809674320@qq.com', '电子信息工程',
        1601, '15606914831', 0, '2020-03-31 07:57:19', 0, 0),
       ('3168901139', '3168901139', '123456', '水利清', 2, '重庆邮电大学', '2016', '1809674320@qq.com', '电子信息工程',
        1601, '15008216365', 1, '2020-03-31 07:57:19', 0, 0),
       ('3168901140', '3168901140', '123456', '昌飞彬', 2, '重庆邮电大学', '2016', '1809674320@qq.com', '电子信息工程',
        1601, '13004858329', 0, '2020-03-31 07:57:19', 0, 0),
       ('3168901141', '3168901141', '123456', '范之', 2, '重庆邮电大学', '2016', '1809674320@qq.com', '电子信息工程',
        1601, '13500697610', 0, '2020-03-31 07:57:19', 0, 0),
       ('3168901142', '3168901142', '123456', '薛聪澜', 2, '重庆邮电大学', '2016', '1809674320@qq.com', '电子信息工程',
        1601, '13704804643', 0, '2020-03-31 07:57:19', 0, 0),
       ('3168901143', '3168901143', '123456', '蓝盛', 2, '重庆邮电大学', '2016', '1809674320@qq.com', '电子信息工程',
        1601, '13005132500', 0, '2020-03-31 07:57:19', 0, 0),
       ('3168901144', '3168901144', '123456', '朱庆', 2, '重庆邮电大学', '2016', '1809674320@qq.com', '电子信息工程',
        1601, '13107244178', 0, '2020-03-31 07:57:19', 0, 0),
       ('3168901145', '3168901145', '123456', '殷环', 2, '重庆邮电大学', '2016', '1809674320@qq.com', '电子信息工程',
        1601, '13605745626', 0, '2020-03-31 07:57:20', 0, 0),
       ('3168901146', '3168901146', '123456', '水兴', 2, '重庆邮电大学', '2016', '1809674320@qq.com', '电子信息工程',
        1601, '13906668841', 0, '2020-03-31 07:57:20', 0, 0),
       ('3168901147', '3168901147', '123456', '姚言', 2, '重庆邮电大学', '2016', '1809674320@qq.com', '电子信息工程',
        1601, '13003380011', 0, '2020-03-31 07:57:20', 0, 0),
       ('3168901148', '3168901148', '123456', '邵震', 2, '重庆邮电大学', '2016', '1809674320@qq.com', '电子信息工程',
        1601, '13707638959', 1, '2020-03-31 07:57:20', 0, 0),
       ('3168901149', '3168901149', '123456', '史震', 2, '重庆邮电大学', '2016', '1809674320@qq.com', '电子信息工程',
        1601, '15607800436', 0, '2020-03-31 07:57:20', 0, 0),
       ('3168901150', '3168901150', '123456', '卞奇', 2, '重庆邮电大学', '2016', '1809674320@qq.com', '电子信息工程',
        1601, '13903720567', 0, '2020-03-31 07:57:20', 0, 0),
       ('3168901201', '3168901201', '123456', '范婉娴', 2, '重庆邮电大学', '2016', '1809674320@qq.com', '电子信息工程',
        1602, '15200665684', 0, '2020-03-31 08:01:20', 0, 0),
       ('3168901202', '3168901202', '123456', '廉善', 2, '重庆邮电大学', '2016', '1809674320@qq.com', '电子信息工程',
        1602, '15103087634', 1, '2020-03-31 08:01:20', 0, 0),
       ('3168901203', '3168901203', '123456', '倪士以', 2, '重庆邮电大学', '2016', '1809674320@qq.com', '电子信息工程',
        1602, '13202301117', 1, '2020-03-31 08:01:20', 0, 0),
       ('3168901204', '3168901204', '123456', '鲁梦', 2, '重庆邮电大学', '2016', '1809674320@qq.com', '电子信息工程',
        1602, '15701427428', 0, '2020-03-31 08:01:20', 0, 0),
       ('3168901205', '3168901205', '123456', '董素', 2, '重庆邮电大学', '2016', '1809674320@qq.com', '电子信息工程',
        1602, '13004697373', 1, '2020-03-31 08:01:21', 0, 0),
       ('3168901206', '3168901206', '123456', '孙山仁', 2, '重庆邮电大学', '2016', '1809674320@qq.com', '电子信息工程',
        1602, '13103794192', 0, '2020-03-31 08:01:21', 0, 0),
       ('3168901207', '3168901207', '123456', '贺山仁', 2, '重庆邮电大学', '2016', '1809674320@qq.com', '电子信息工程',
        1602, '15707381051', 0, '2020-03-31 08:01:21', 0, 0),
       ('3168901208', '3168901208', '123456', '严成', 2, '重庆邮电大学', '2016', '1809674320@qq.com', '电子信息工程',
        1602, '13102565239', 0, '2020-03-31 08:01:21', 0, 0),
       ('3168901209', '3168901209', '123456', '袁邦', 2, '重庆邮电大学', '2016', '1809674320@qq.com', '电子信息工程',
        1602, '13801956288', 1, '2020-03-31 08:01:21', 0, 0),
       ('3168901210', '3168901210', '123456', '邵清', 2, '重庆邮电大学', '2016', '1809674320@qq.com', '电子信息工程',
        1602, '15302941699', 0, '2020-03-31 08:01:21', 0, 0),
       ('3168901211', '3168901211', '123456', '曹平保', 2, '重庆邮电大学', '2016', '1809674320@qq.com', '电子信息工程',
        1602, '13304641069', 0, '2020-03-31 08:01:21', 0, 0),
       ('3168901212', '3168901212', '123456', '邵天', 2, '重庆邮电大学', '2016', '1809674320@qq.com', '电子信息工程',
        1602, '15900528218', 0, '2020-03-31 08:01:21', 0, 0),
       ('3168901213', '3168901213', '123456', '卞振壮', 2, '重庆邮电大学', '2016', '1809674320@qq.com', '电子信息工程',
        1602, '15204903116', 1, '2020-03-31 08:01:21', 0, 0),
       ('3168901214', '3168901214', '123456', '袁政谦', 2, '重庆邮电大学', '2016', '1809674320@qq.com', '电子信息工程',
        1602, '15101678130', 0, '2020-03-31 08:01:21', 0, 0),
       ('3168901215', '3168901215', '123456', '于波宁', 2, '重庆邮电大学', '2016', '1809674320@qq.com', '电子信息工程',
        1602, '13708476173', 0, '2020-03-31 08:01:21', 0, 0),
       ('3168901216', '3168901216', '123456', '柏家', 2, '重庆邮电大学', '2016', '1809674320@qq.com', '电子信息工程',
        1602, '15201043973', 0, '2020-03-31 08:01:21', 0, 0),
       ('3168901217', '3168901217', '123456', '葛德', 2, '重庆邮电大学', '2016', '1809674320@qq.com', '电子信息工程',
        1602, '15006110211', 0, '2020-03-31 08:01:21', 0, 0),
       ('3168901218', '3168901218', '123456', '王素', 2, '重庆邮电大学', '2016', '1809674320@qq.com', '电子信息工程',
        1602, '15005900817', 1, '2020-03-31 08:01:21', 0, 0),
       ('3168901219', '3168901219', '123456', '尹岚苑', 2, '重庆邮电大学', '2016', '1809674320@qq.com', '电子信息工程',
        1602, '13108404753', 0, '2020-03-31 08:01:22', 0, 0),
       ('3168901220', '3168901220', '123456', '滕树', 2, '重庆邮电大学', '2016', '1809674320@qq.com', '电子信息工程',
        1602, '15903057279', 0, '2020-03-31 08:01:22', 0, 0),
       ('3168901221', '3168901221', '123456', '黄菁梦', 2, '重庆邮电大学', '2016', '1809674320@qq.com', '电子信息工程',
        1602, '13700871498', 0, '2020-03-31 08:01:22', 0, 0),
       ('3168901222', '3168901222', '123456', '安桂', 2, '重庆邮电大学', '2016', '1809674320@qq.com', '电子信息工程',
        1602, '15000897256', 0, '2020-03-31 08:01:22', 0, 0),
       ('3168901223', '3168901223', '123456', '邵波宁', 2, '重庆邮电大学', '2016', '1809674320@qq.com', '电子信息工程',
        1602, '13500587267', 0, '2020-03-31 08:01:22', 0, 0),
       ('3168901224', '3168901224', '123456', '米雄琛', 2, '重庆邮电大学', '2016', '1809674320@qq.com', '电子信息工程',
        1602, '15805237601', 0, '2020-03-31 08:01:22', 0, 0),
       ('3168901225', '3168901225', '123456', '昌全', 2, '重庆邮电大学', '2016', '1809674320@qq.com', '电子信息工程',
        1602, '15901796970', 0, '2020-03-31 08:01:22', 0, 0),
       ('3168901226', '3168901226', '123456', '明娴', 2, '重庆邮电大学', '2016', '1809674320@qq.com', '电子信息工程',
        1602, '15005352602', 0, '2020-03-31 08:01:22', 0, 0),
       ('3168901227', '3168901227', '123456', '梁咏卿', 2, '重庆邮电大学', '2016', '1809674320@qq.com', '电子信息工程',
        1602, '13604517122', 0, '2020-03-31 08:01:22', 0, 0),
       ('3168901228', '3168901228', '123456', '米富顺', 2, '重庆邮电大学', '2016', '1809674320@qq.com', '电子信息工程',
        1602, '13303637011', 0, '2020-03-31 08:01:22', 0, 0),
       ('3168901229', '3168901229', '123456', '韩飞彬', 2, '重庆邮电大学', '2016', '1809674320@qq.com', '电子信息工程',
        1602, '13705887682', 0, '2020-03-31 08:01:22', 0, 0),
       ('3168901230', '3168901230', '123456', '钱明永', 2, '重庆邮电大学', '2016', '1809674320@qq.com', '电子信息工程',
        1602, '15101923463', 1, '2020-03-31 08:01:22', 0, 0),
       ('3168901231', '3168901231', '123456', '纪宁', 2, '重庆邮电大学', '2016', '1809674320@qq.com', '电子信息工程',
        1602, '15308857297', 0, '2020-03-31 08:01:22', 0, 0),
       ('3168901232', '3168901232', '123456', '陶坚和', 2, '重庆邮电大学', '2016', '1809674320@qq.com', '电子信息工程',
        1602, '13300181425', 0, '2020-03-31 08:01:22', 0, 0),
       ('3168901233', '3168901233', '123456', '成晨辰', 2, '重庆邮电大学', '2016', '1809674320@qq.com', '电子信息工程',
        1602, '15101247675', 1, '2020-03-31 08:01:22', 0, 0),
       ('3168901234', '3168901234', '123456', '酆融', 2, '重庆邮电大学', '2016', '1809674320@qq.com', '电子信息工程',
        1602, '15004932761', 1, '2020-03-31 08:01:22', 0, 0),
       ('3168901235', '3168901235', '123456', '闵文', 2, '重庆邮电大学', '2016', '1809674320@qq.com', '电子信息工程',
        1602, '15605853783', 1, '2020-03-31 08:01:23', 0, 0),
       ('3168901236', '3168901236', '123456', '毛翔旭', 2, '重庆邮电大学', '2016', '1809674320@qq.com', '电子信息工程',
        1602, '15508876086', 0, '2020-03-31 08:01:23', 0, 0),
       ('3168901237', '3168901237', '123456', '戚豪', 2, '重庆邮电大学', '2016', '1809674320@qq.com', '电子信息工程',
        1602, '13804981406', 0, '2020-03-31 08:01:23', 0, 0),
       ('3168901238', '3168901238', '123456', '窦保', 2, '重庆邮电大学', '2016', '1809674320@qq.com', '电子信息工程',
        1602, '13804422431', 0, '2020-03-31 08:01:23', 0, 0),
       ('3168901239', '3168901239', '123456', '殷力', 2, '重庆邮电大学', '2016', '1809674320@qq.com', '电子信息工程',
        1602, '15700181146', 1, '2020-03-31 08:01:23', 0, 0),
       ('3168901240', '3168901240', '123456', '云琰', 2, '重庆邮电大学', '2016', '1809674320@qq.com', '电子信息工程',
        1602, '13203990980', 0, '2020-03-31 08:01:23', 0, 0),
       ('3168901241', '3168901241', '123456', '宋信子', 2, '重庆邮电大学', '2016', '1809674320@qq.com', '电子信息工程',
        1602, '13301951352', 1, '2020-03-31 08:01:23', 0, 0),
       ('3168901242', '3168901242', '123456', '喻梦', 2, '重庆邮电大学', '2016', '1809674320@qq.com', '电子信息工程',
        1602, '15907352579', 0, '2020-03-31 08:01:23', 0, 0),
       ('3168901243', '3168901243', '123456', '狄琳素', 2, '重庆邮电大学', '2016', '1809674320@qq.com', '电子信息工程',
        1602, '13605291327', 1, '2020-03-31 08:01:23', 0, 0),
       ('3168901244', '3168901244', '123456', '蓝岩中', 2, '重庆邮电大学', '2016', '1809674320@qq.com', '电子信息工程',
        1602, '15005721758', 0, '2020-03-31 08:01:24', 0, 0),
       ('3168901245', '3168901245', '123456', '潘琛', 2, '重庆邮电大学', '2016', '1809674320@qq.com', '电子信息工程',
        1602, '15102333417', 1, '2020-03-31 08:01:24', 0, 0),
       ('3168901246', '3168901246', '123456', '余娣叶', 2, '重庆邮电大学', '2016', '1809674320@qq.com', '电子信息工程',
        1602, '13108318197', 1, '2020-03-31 08:01:24', 0, 0),
       ('3168901247', '3168901247', '123456', '谢克伦', 2, '重庆邮电大学', '2016', '1809674320@qq.com', '电子信息工程',
        1602, '15206410040', 0, '2020-03-31 08:01:24', 0, 0),
       ('3168901248', '3168901248', '123456', '昌冠', 2, '重庆邮电大学', '2016', '1809674320@qq.com', '电子信息工程',
        1602, '15303469002', 0, '2020-03-31 08:01:24', 0, 0),
       ('3168901249', '3168901249', '123456', '滕栋', 2, '重庆邮电大学', '2016', '1809674320@qq.com', '电子信息工程',
        1602, '15103267560', 0, '2020-03-31 08:01:24', 0, 0),
       ('3168901250', '3168901250', '123456', '曹河哲', 2, '重庆邮电大学', '2016', '1809674320@qq.com', '电子信息工程',
        1602, '13008637635', 0, '2020-03-31 08:01:24', 0, 0),
       ('3168901324', '3168901324', '123456', '林立川', 2, '重庆邮电大学', '2016', '1809674320@qq.com', '电子信息工程',
        1603, '13358204723', 0, '2020-03-31 15:57:59', 0, 0),
       ('3168902101', '3168902101', '123456', '席壮', 2, '重庆邮电大学', '2016', '1809674320@qq.com', '物联网', 1601,
        '15103486559', 0, '2020-03-31 08:02:38', 0, 0),
       ('3168902102', '3168902102', '123456', '孙涛', 2, '重庆邮电大学', '2016', '1809674320@qq.com', '物联网', 1601,
        '13405007356', 0, '2020-03-31 08:02:38', 0, 0),
       ('3168902103', '3168902103', '123456', '俞翔旭', 2, '重庆邮电大学', '2016', '1809674320@qq.com', '物联网', 1601,
        '15306108810', 0, '2020-03-31 08:02:38', 0, 0),
       ('3168902104', '3168902104', '123456', '汤璐', 2, '重庆邮电大学', '2016', '1809674320@qq.com', '物联网', 1601,
        '13303164030', 1, '2020-03-31 08:02:38', 0, 0),
       ('3168902105', '3168902105', '123456', '和菊', 2, '重庆邮电大学', '2016', '1809674320@qq.com', '物联网', 1601,
        '13805636006', 1, '2020-03-31 08:02:38', 0, 0),
       ('3168902106', '3168902106', '123456', '乐邦', 2, '重庆邮电大学', '2016', '1809674320@qq.com', '物联网', 1601,
        '15101332030', 0, '2020-03-31 08:02:38', 0, 0),
       ('3168902107', '3168902107', '123456', '袁林有', 2, '重庆邮电大学', '2016', '1809674320@qq.com', '物联网', 1601,
        '13507104946', 0, '2020-03-31 08:02:38', 0, 0),
       ('3168902108', '3168902108', '123456', '穆博', 2, '重庆邮电大学', '2016', '1809674320@qq.com', '物联网', 1601,
        '15702516509', 1, '2020-03-31 08:02:39', 0, 0),
       ('3168902109', '3168902109', '123456', '殷全', 2, '重庆邮电大学', '2016', '1809674320@qq.com', '物联网', 1601,
        '13305743836', 1, '2020-03-31 08:02:39', 0, 0),
       ('3168902110', '3168902110', '123456', '卫飘育', 2, '重庆邮电大学', '2016', '1809674320@qq.com', '物联网', 1601,
        '13403998966', 1, '2020-03-31 08:02:39', 0, 0),
       ('3168902111', '3168902111', '123456', '章之', 2, '重庆邮电大学', '2016', '1809674320@qq.com', '物联网', 1601,
        '13603544801', 1, '2020-03-31 08:02:39', 0, 0),
       ('3168902112', '3168902112', '123456', '姜君琴', 2, '重庆邮电大学', '2016', '1809674320@qq.com', '物联网', 1601,
        '15201964043', 1, '2020-03-31 08:02:39', 0, 0),
       ('3168902113', '3168902113', '123456', '袁茗', 2, '重庆邮电大学', '2016', '1809674320@qq.com', '物联网', 1601,
        '15508095896', 0, '2020-03-31 08:02:39', 0, 0),
       ('3168902114', '3168902114', '123456', '戴震', 2, '重庆邮电大学', '2016', '1809674320@qq.com', '物联网', 1601,
        '15101167731', 0, '2020-03-31 08:02:40', 0, 0),
       ('3168902115', '3168902115', '123456', '许策腾', 2, '重庆邮电大学', '2016', '1809674320@qq.com', '物联网', 1601,
        '13506343459', 0, '2020-03-31 08:02:40', 0, 0),
       ('3168902116', '3168902116', '123456', '陈莉桂', 2, '重庆邮电大学', '2016', '1809674320@qq.com', '物联网', 1601,
        '15106679011', 0, '2020-03-31 08:02:40', 0, 0),
       ('3168902117', '3168902117', '123456', '朱兴', 2, '重庆邮电大学', '2016', '1809674320@qq.com', '物联网', 1601,
        '15302426853', 0, '2020-03-31 08:02:40', 0, 0),
       ('3168902118', '3168902118', '123456', '酆黛', 2, '重庆邮电大学', '2016', '1809674320@qq.com', '物联网', 1601,
        '13608096005', 0, '2020-03-31 08:02:40', 0, 0),
       ('3168902119', '3168902119', '123456', '陶岚苑', 2, '重庆邮电大学', '2016', '1809674320@qq.com', '物联网', 1601,
        '15003078999', 0, '2020-03-31 08:02:40', 0, 0),
       ('3168902120', '3168902120', '123456', '章坚和', 2, '重庆邮电大学', '2016', '1809674320@qq.com', '物联网', 1601,
        '13603367319', 1, '2020-03-31 08:02:40', 0, 0),
       ('3168902121', '3168902121', '123456', '云芸', 2, '重庆邮电大学', '2016', '1809674320@qq.com', '物联网', 1601,
        '13900754208', 1, '2020-03-31 08:02:40', 0, 0),
       ('3168902122', '3168902122', '123456', '滕泰盛', 2, '重庆邮电大学', '2016', '1809674320@qq.com', '物联网', 1601,
        '13500132249', 0, '2020-03-31 08:02:40', 0, 0),
       ('3168902123', '3168902123', '123456', '张莲', 2, '重庆邮电大学', '2016', '1809674320@qq.com', '物联网', 1601,
        '15003028260', 1, '2020-03-31 08:02:41', 0, 0),
       ('3168902124', '3168902124', '123456', '吴宜可', 2, '重庆邮电大学', '2016', '1809674320@qq.com', '物联网', 1601,
        '15804581074', 0, '2020-03-31 08:02:41', 0, 0),
       ('3168902125', '3168902125', '123456', '韩茜秋', 2, '重庆邮电大学', '2016', '1809674320@qq.com', '物联网', 1601,
        '15202835736', 1, '2020-03-31 08:02:41', 0, 0),
       ('3168902126', '3168902126', '123456', '祝兰凤', 2, '重庆邮电大学', '2016', '1809674320@qq.com', '物联网', 1601,
        '13403960525', 0, '2020-03-31 08:02:41', 0, 0),
       ('3168902127', '3168902127', '123456', '韩珠', 2, '重庆邮电大学', '2016', '1809674320@qq.com', '物联网', 1601,
        '13904268355', 0, '2020-03-31 08:02:41', 0, 0),
       ('3168902128', '3168902128', '123456', '齐思', 2, '重庆邮电大学', '2016', '1809674320@qq.com', '物联网', 1601,
        '15503093998', 0, '2020-03-31 08:02:41', 0, 0),
       ('3168902129', '3168902129', '123456', '祝飞彬', 2, '重庆邮电大学', '2016', '1809674320@qq.com', '物联网', 1601,
        '13101859008', 0, '2020-03-31 08:02:41', 0, 0),
       ('3168902130', '3168902130', '123456', '尤刚', 2, '重庆邮电大学', '2016', '1809674320@qq.com', '物联网', 1601,
        '15902102066', 1, '2020-03-31 08:02:41', 0, 0),
       ('3168902131', '3168902131', '123456', '平寒', 2, '重庆邮电大学', '2016', '1809674320@qq.com', '物联网', 1601,
        '15704166295', 1, '2020-03-31 08:02:41', 0, 0),
       ('3168902132', '3168902132', '123456', '杨亮', 2, '重庆邮电大学', '2016', '1809674320@qq.com', '物联网', 1601,
        '13107006338', 0, '2020-03-31 08:02:41', 0, 0),
       ('3168902133', '3168902133', '123456', '雷生龙', 2, '重庆邮电大学', '2016', '1809674320@qq.com', '物联网', 1601,
        '13101926692', 0, '2020-03-31 08:02:41', 0, 0),
       ('3168902134', '3168902134', '123456', '康婕馨', 2, '重庆邮电大学', '2016', '1809674320@qq.com', '物联网', 1601,
        '15600040596', 1, '2020-03-31 08:02:42', 0, 0),
       ('3168902135', '3168902135', '123456', '袁健世', 2, '重庆邮电大学', '2016', '1809674320@qq.com', '物联网', 1601,
        '13108545292', 0, '2020-03-31 08:02:42', 0, 0),
       ('3168902136', '3168902136', '123456', '梁莎', 2, '重庆邮电大学', '2016', '1809674320@qq.com', '物联网', 1601,
        '13400511072', 0, '2020-03-31 08:02:42', 0, 0),
       ('3168902137', '3168902137', '123456', '湛军', 2, '重庆邮电大学', '2016', '1809674320@qq.com', '物联网', 1601,
        '15503630832', 0, '2020-03-31 08:02:42', 0, 0),
       ('3168902138', '3168902138', '123456', '朱杰涛', 2, '重庆邮电大学', '2016', '1809674320@qq.com', '物联网', 1601,
        '13904171530', 1, '2020-03-31 08:02:42', 0, 0),
       ('3168902139', '3168902139', '123456', '喻炎德', 2, '重庆邮电大学', '2016', '1809674320@qq.com', '物联网', 1601,
        '15805347451', 1, '2020-03-31 08:02:42', 0, 0),
       ('3168902140', '3168902140', '123456', '尹月莺', 2, '重庆邮电大学', '2016', '1809674320@qq.com', '物联网', 1601,
        '15505291717', 0, '2020-03-31 08:02:42', 0, 0),
       ('3168902141', '3168902141', '123456', '茅民', 2, '重庆邮电大学', '2016', '1809674320@qq.com', '物联网', 1601,
        '15204632454', 1, '2020-03-31 08:02:42', 0, 0),
       ('3168902142', '3168902142', '123456', '鲁健世', 2, '重庆邮电大学', '2016', '1809674320@qq.com', '物联网', 1601,
        '13206965608', 1, '2020-03-31 08:02:43', 0, 0),
       ('3168902143', '3168902143', '123456', '袁启', 2, '重庆邮电大学', '2016', '1809674320@qq.com', '物联网', 1601,
        '13104485856', 0, '2020-03-31 08:02:43', 0, 0),
       ('3168902144', '3168902144', '123456', '滕朋斌', 2, '重庆邮电大学', '2016', '1809674320@qq.com', '物联网', 1601,
        '15903052507', 1, '2020-03-31 08:02:43', 0, 0),
       ('3168902145', '3168902145', '123456', '董顺', 2, '重庆邮电大学', '2016', '1809674320@qq.com', '物联网', 1601,
        '13902584245', 0, '2020-03-31 08:02:43', 0, 0),
       ('3168902146', '3168902146', '123456', '苏辉力', 2, '重庆邮电大学', '2016', '1809674320@qq.com', '物联网', 1601,
        '15807118947', 1, '2020-03-31 08:02:43', 0, 0),
       ('3168902147', '3168902147', '123456', '贝厚庆', 2, '重庆邮电大学', '2016', '1809674320@qq.com', '物联网', 1601,
        '15607921314', 0, '2020-03-31 08:02:44', 0, 0),
       ('3168902148', '3168902148', '123456', '卞健世', 2, '重庆邮电大学', '2016', '1809674320@qq.com', '物联网', 1601,
        '15005296876', 1, '2020-03-31 08:02:44', 0, 0),
       ('3168902149', '3168902149', '123456', '伍会思', 2, '重庆邮电大学', '2016', '1809674320@qq.com', '物联网', 1601,
        '15007587312', 1, '2020-03-31 08:02:44', 0, 0),
       ('3168902150', '3168902150', '123456', '陈伯', 2, '重庆邮电大学', '2016', '1809674320@qq.com', '物联网', 1601,
        '13605841004', 1, '2020-03-31 08:02:44', 0, 0),
       ('3168903101', '3168903101', '123456', '元才发', 2, '重庆邮电大学', '2016', '1809674320@qq.com', '计算机', 1601,
        '13103547031', 0, '2020-03-31 08:04:16', 0, 0),
       ('3168903102', '3168903102', '123456', '余伯', 2, '重庆邮电大学', '2016', '1809674320@qq.com', '计算机', 1601,
        '15604376436', 0, '2020-03-31 08:04:16', 0, 0),
       ('3168903103', '3168903103', '123456', '云光天', 2, '重庆邮电大学', '2016', '1809674320@qq.com', '计算机', 1601,
        '15502865043', 0, '2020-03-31 08:04:16', 0, 0),
       ('3168903104', '3168903104', '123456', '傅珊莎', 2, '重庆邮电大学', '2016', '1809674320@qq.com', '计算机', 1601,
        '15606345572', 0, '2020-03-31 08:04:16', 0, 0),
       ('3168903105', '3168903105', '123456', '唐强军', 2, '重庆邮电大学', '2016', '1809674320@qq.com', '计算机', 1601,
        '13602820914', 0, '2020-03-31 08:04:16', 0, 0),
       ('3168903106', '3168903106', '123456', '卞军', 2, '重庆邮电大学', '2016', '1809674320@qq.com', '计算机', 1601,
        '15704135823', 0, '2020-03-31 08:04:16', 0, 0),
       ('3168903107', '3168903107', '123456', '苏乐', 2, '重庆邮电大学', '2016', '1809674320@qq.com', '计算机', 1601,
        '13108878576', 0, '2020-03-31 08:04:17', 0, 0),
       ('3168903108', '3168903108', '123456', '宋超', 2, '重庆邮电大学', '2016', '1809674320@qq.com', '计算机', 1601,
        '15801237351', 0, '2020-03-31 08:04:17', 0, 0),
       ('3168903109', '3168903109', '123456', '朱馥', 2, '重庆邮电大学', '2016', '1809674320@qq.com', '计算机', 1601,
        '13000817911', 1, '2020-03-31 08:04:17', 0, 0),
       ('3168903110', '3168903110', '123456', '屈波宁', 2, '重庆邮电大学', '2016', '1809674320@qq.com', '计算机', 1601,
        '15801190411', 1, '2020-03-31 08:04:17', 0, 0),
       ('3168903111', '3168903111', '123456', '葛莲', 2, '重庆邮电大学', '2016', '1809674320@qq.com', '计算机', 1601,
        '13200454507', 1, '2020-03-31 08:04:17', 0, 0),
       ('3168903112', '3168903112', '123456', '孙荔', 2, '重庆邮电大学', '2016', '1809674320@qq.com', '计算机', 1601,
        '13704534046', 1, '2020-03-31 08:04:17', 0, 0),
       ('3168903113', '3168903113', '123456', '花武新', 2, '重庆邮电大学', '2016', '1809674320@qq.com', '计算机', 1601,
        '15808323376', 0, '2020-03-31 08:04:17', 0, 0),
       ('3168903114', '3168903114', '123456', '伏振壮', 2, '重庆邮电大学', '2016', '1809674320@qq.com', '计算机', 1601,
        '15706043432', 0, '2020-03-31 08:04:17', 0, 0),
       ('3168903115', '3168903115', '123456', '茅岩中', 2, '重庆邮电大学', '2016', '1809674320@qq.com', '计算机', 1601,
        '13002866039', 0, '2020-03-31 08:04:17', 0, 0),
       ('3168903116', '3168903116', '123456', '倪辰', 2, '重庆邮电大学', '2016', '1809674320@qq.com', '计算机', 1601,
        '13603716371', 0, '2020-03-31 08:04:17', 0, 0),
       ('3168903117', '3168903117', '123456', '史元全', 2, '重庆邮电大学', '2016', '1809674320@qq.com', '计算机', 1601,
        '13602182506', 0, '2020-03-31 08:04:17', 0, 0),
       ('3168903118', '3168903118', '123456', '宋磊民', 2, '重庆邮电大学', '2016', '1809674320@qq.com', '计算机', 1601,
        '15902811178', 1, '2020-03-31 08:04:17', 0, 0),
       ('3168903119', '3168903119', '123456', '祁纯毓', 2, '重庆邮电大学', '2016', '1809674320@qq.com', '计算机', 1601,
        '15808573157', 0, '2020-03-31 08:04:18', 0, 0),
       ('3168903120', '3168903120', '123456', '殷融', 2, '重庆邮电大学', '2016', '1809674320@qq.com', '计算机', 1601,
        '13405893627', 1, '2020-03-31 08:04:18', 0, 0),
       ('3168903121', '3168903121', '123456', '米健世', 2, '重庆邮电大学', '2016', '1809674320@qq.com', '计算机', 1601,
        '13003773456', 0, '2020-03-31 08:04:18', 0, 0),
       ('3168903122', '3168903122', '123456', '明秀娟', 2, '重庆邮电大学', '2016', '1809674320@qq.com', '计算机', 1601,
        '13404290952', 0, '2020-03-31 08:04:18', 0, 0),
       ('3168903123', '3168903123', '123456', '窦娣叶', 2, '重庆邮电大学', '2016', '1809674320@qq.com', '计算机', 1601,
        '13100236570', 1, '2020-03-31 08:04:18', 0, 0),
       ('3168903124', '3168903124', '123456', '计冰爽', 2, '重庆邮电大学', '2016', '1809674320@qq.com', '计算机', 1601,
        '15702601224', 0, '2020-03-31 08:04:18', 0, 0),
       ('3168903125', '3168903125', '123456', '谈舒', 2, '重庆邮电大学', '2016', '1809674320@qq.com', '计算机', 1601,
        '15003818062', 0, '2020-03-31 08:04:18', 0, 0),
       ('3168903126', '3168903126', '123456', '顾眉', 2, '重庆邮电大学', '2016', '1809674320@qq.com', '计算机', 1601,
        '15107282488', 1, '2020-03-31 08:04:19', 0, 0),
       ('3168903127', '3168903127', '123456', '褚新', 2, '重庆邮电大学', '2016', '1809674320@qq.com', '计算机', 1601,
        '15605921069', 1, '2020-03-31 08:04:19', 0, 0),
       ('3168903128', '3168903128', '123456', '周春菊', 2, '重庆邮电大学', '2016', '1809674320@qq.com', '计算机', 1601,
        '13005820297', 0, '2020-03-31 08:04:19', 0, 0),
       ('3168903129', '3168903129', '123456', '熊晓', 2, '重庆邮电大学', '2016', '1809674320@qq.com', '计算机', 1601,
        '15308567262', 0, '2020-03-31 08:04:19', 0, 0),
       ('3168903130', '3168903130', '123456', '余岚苑', 2, '重庆邮电大学', '2016', '1809674320@qq.com', '计算机', 1601,
        '15304308001', 1, '2020-03-31 08:04:19', 0, 0),
       ('3168903131', '3168903131', '123456', '汪咏卿', 2, '重庆邮电大学', '2016', '1809674320@qq.com', '计算机', 1601,
        '13001385871', 0, '2020-03-31 08:04:19', 0, 0),
       ('3168903132', '3168903132', '123456', '屈红', 2, '重庆邮电大学', '2016', '1809674320@qq.com', '计算机', 1601,
        '13301538384', 1, '2020-03-31 08:04:19', 0, 0),
       ('3168903133', '3168903133', '123456', '邹生龙', 2, '重庆邮电大学', '2016', '1809674320@qq.com', '计算机', 1601,
        '13605362553', 1, '2020-03-31 08:04:19', 0, 0),
       ('3168903134', '3168903134', '123456', '倪山仁', 2, '重庆邮电大学', '2016', '1809674320@qq.com', '计算机', 1601,
        '15905396257', 0, '2020-03-31 08:04:19', 0, 0),
       ('3168903135', '3168903135', '123456', '喻坚和', 2, '重庆邮电大学', '2016', '1809674320@qq.com', '计算机', 1601,
        '13608855055', 0, '2020-03-31 08:04:19', 0, 0),
       ('3168903136', '3168903136', '123456', '戚盛', 2, '重庆邮电大学', '2016', '1809674320@qq.com', '计算机', 1601,
        '15606708614', 0, '2020-03-31 08:04:19', 0, 0),
       ('3168903137', '3168903137', '123456', '乐发', 2, '重庆邮电大学', '2016', '1809674320@qq.com', '计算机', 1601,
        '13002970580', 0, '2020-03-31 08:04:19', 0, 0),
       ('3168903138', '3168903138', '123456', '韦星', 2, '重庆邮电大学', '2016', '1809674320@qq.com', '计算机', 1601,
        '15208574865', 0, '2020-03-31 08:04:20', 0, 0),
       ('3168903139', '3168903139', '123456', '唐明永', 2, '重庆邮电大学', '2016', '1809674320@qq.com', '计算机', 1601,
        '13507304825', 0, '2020-03-31 08:04:20', 0, 0),
       ('3168903140', '3168903140', '123456', '曹辉力', 2, '重庆邮电大学', '2016', '1809674320@qq.com', '计算机', 1601,
        '15600438238', 0, '2020-03-31 08:04:20', 0, 0),
       ('3168903141', '3168903141', '123456', '杜楠榕', 2, '重庆邮电大学', '2016', '1809674320@qq.com', '计算机', 1601,
        '13602362192', 0, '2020-03-31 08:04:20', 0, 0),
       ('3168903142', '3168903142', '123456', '苗彬', 2, '重庆邮电大学', '2016', '1809674320@qq.com', '计算机', 1601,
        '13201425239', 0, '2020-03-31 08:04:20', 0, 0),
       ('3168903143', '3168903143', '123456', '任丹', 2, '重庆邮电大学', '2016', '1809674320@qq.com', '计算机', 1601,
        '15808123448', 0, '2020-03-31 08:04:20', 0, 0),
       ('3168903144', '3168903144', '123456', '朱真环', 2, '重庆邮电大学', '2016', '1809674320@qq.com', '计算机', 1601,
        '13708397491', 0, '2020-03-31 08:04:21', 0, 0),
       ('3168903145', '3168903145', '123456', '喻欣', 2, '重庆邮电大学', '2016', '1809674320@qq.com', '计算机', 1601,
        '13904380381', 0, '2020-03-31 08:04:21', 0, 0),
       ('3168903146', '3168903146', '123456', '杜进', 2, '重庆邮电大学', '2016', '1809674320@qq.com', '计算机', 1601,
        '15307768082', 0, '2020-03-31 08:04:21', 0, 0),
       ('3168903147', '3168903147', '123456', '费国胜', 2, '重庆邮电大学', '2016', '1809674320@qq.com', '计算机', 1601,
        '13004227758', 0, '2020-03-31 08:04:21', 0, 0),
       ('3168903148', '3168903148', '123456', '计有', 2, '重庆邮电大学', '2016', '1809674320@qq.com', '计算机', 1601,
        '15300275062', 0, '2020-03-31 08:04:21', 0, 0),
       ('3168903149', '3168903149', '123456', '沈梁栋', 2, '重庆邮电大学', '2016', '1809674320@qq.com', '计算机', 1601,
        '15203263894', 0, '2020-03-31 08:04:21', 0, 0),
       ('3168903150', '3168903150', '123456', '臧艺', 2, '重庆邮电大学', '2016', '1809674320@qq.com', '计算机', 1601,
        '15700102986', 1, '2020-03-31 08:04:21', 0, 0),
       ('3168903151', '3168903151', '123456', '邹伟刚', 2, '重庆邮电大学', '2016', '1809674320@qq.com', '计算机', 1601,
        '13200214912', 1, '2020-03-31 08:04:21', 0, 0),
       ('3168903152', '3168903152', '123456', '鲍刚', 2, '重庆邮电大学', '2016', '1809674320@qq.com', '计算机', 1601,
        '13908224032', 0, '2020-03-31 08:04:21', 0, 0),
       ('3168903153', '3168903153', '123456', '萧俊峰', 2, '重庆邮电大学', '2016', '1809674320@qq.com', '计算机', 1601,
        '13206005405', 0, '2020-03-31 08:04:22', 0, 0),
       ('3168903154', '3168903154', '123456', '臧梁栋', 2, '重庆邮电大学', '2016', '1809674320@qq.com', '计算机', 1601,
        '15506807247', 1, '2020-03-31 08:04:22', 0, 0),
       ('3168903155', '3168903155', '123456', '祝子', 2, '重庆邮电大学', '2016', '1809674320@qq.com', '计算机', 1601,
        '13304790554', 0, '2020-03-31 08:04:22', 0, 0),
       ('3168903156', '3168903156', '123456', '沈盛', 2, '重庆邮电大学', '2016', '1809674320@qq.com', '计算机', 1601,
        '13706062577', 0, '2020-03-31 08:04:22', 0, 0),
       ('3168903157', '3168903157', '123456', '谢叶', 2, '重庆邮电大学', '2016', '1809674320@qq.com', '计算机', 1601,
        '13204126549', 0, '2020-03-31 08:04:22', 0, 0),
       ('3168903158', '3168903158', '123456', '鲁咏卿', 2, '重庆邮电大学', '2016', '1809674320@qq.com', '计算机', 1601,
        '13608542851', 0, '2020-03-31 08:04:22', 0, 0),
       ('3168903159', '3168903159', '123456', '曹倩', 2, '重庆邮电大学', '2016', '1809674320@qq.com', '计算机', 1601,
        '13601900215', 0, '2020-03-31 08:04:22', 0, 0),
       ('3168903160', '3168903160', '123456', '戴峰', 2, '重庆邮电大学', '2016', '1809674320@qq.com', '计算机', 1601,
        '15106011572', 0, '2020-03-31 08:04:22', 0, 0),
       ('3168904101', '3168904101', '123456', '赵浩亮', 2, '重庆邮电大学', '2016', '1809674320@qq.com', '通信工程',
        1601, '13505125127', 1, '2020-03-31 08:06:06', 0, 0),
       ('3168904102', '3168904102', '123456', '卞菲寒', 2, '重庆邮电大学', '2016', '1809674320@qq.com', '通信工程',
        1601, '15804904927', 1, '2020-03-31 08:06:06', 0, 0),
       ('3168904103', '3168904103', '123456', '葛家', 2, '重庆邮电大学', '2016', '1809674320@qq.com', '通信工程', 1601,
        '13604445841', 0, '2020-03-31 08:06:06', 0, 0),
       ('3168904104', '3168904104', '123456', '吕嘉', 2, '重庆邮电大学', '2016', '1809674320@qq.com', '通信工程', 1601,
        '15205658984', 0, '2020-03-31 08:06:06', 0, 0),
       ('3168904105', '3168904105', '123456', '邬清', 2, '重庆邮电大学', '2016', '1809674320@qq.com', '通信工程', 1601,
        '13007448079', 0, '2020-03-31 08:06:06', 0, 0),
       ('3168904106', '3168904106', '123456', '苏学祥', 2, '重庆邮电大学', '2016', '1809674320@qq.com', '通信工程',
        1601, '15208054294', 0, '2020-03-31 08:06:06', 0, 0),
       ('3168904107', '3168904107', '123456', '马芝玉', 2, '重庆邮电大学', '2016', '1809674320@qq.com', '通信工程',
        1601, '15200115470', 1, '2020-03-31 08:06:06', 0, 0),
       ('3168904108', '3168904108', '123456', '云敬震', 2, '重庆邮电大学', '2016', '1809674320@qq.com', '通信工程',
        1601, '13001260738', 1, '2020-03-31 08:06:06', 0, 0),
       ('3168904109', '3168904109', '123456', '宋全', 2, '重庆邮电大学', '2016', '1809674320@qq.com', '通信工程', 1601,
        '13007791693', 1, '2020-03-31 08:06:07', 0, 0),
       ('3168904110', '3168904110', '123456', '康苑', 2, '重庆邮电大学', '2016', '1809674320@qq.com', '通信工程', 1601,
        '13604936676', 1, '2020-03-31 08:06:07', 0, 0),
       ('3168904111', '3168904111', '123456', '尹羽希', 2, '重庆邮电大学', '2016', '1809674320@qq.com', '通信工程',
        1601, '13307840205', 0, '2020-03-31 08:06:07', 0, 0),
       ('3168904112', '3168904112', '123456', '鲍义兴', 2, '重庆邮电大学', '2016', '1809674320@qq.com', '通信工程',
        1601, '15204966979', 1, '2020-03-31 08:06:07', 0, 0),
       ('3168904113', '3168904113', '123456', '云清', 2, '重庆邮电大学', '2016', '1809674320@qq.com', '通信工程', 1601,
        '13603440902', 0, '2020-03-31 08:06:07', 0, 0),
       ('3168904114', '3168904114', '123456', '戴娟', 2, '重庆邮电大学', '2016', '1809674320@qq.com', '通信工程', 1601,
        '13903597786', 0, '2020-03-31 08:06:07', 0, 0),
       ('3168904115', '3168904115', '123456', '汪福', 2, '重庆邮电大学', '2016', '1809674320@qq.com', '通信工程', 1601,
        '15205787430', 0, '2020-03-31 08:06:08', 0, 0),
       ('3168904116', '3168904116', '123456', '屈泽', 2, '重庆邮电大学', '2016', '1809674320@qq.com', '通信工程', 1601,
        '13104365811', 0, '2020-03-31 08:06:08', 0, 0),
       ('3168904117', '3168904117', '123456', '李滢馥', 2, '重庆邮电大学', '2016', '1809674320@qq.com', '通信工程',
        1601, '13607196617', 0, '2020-03-31 08:06:08', 0, 0),
       ('3168904118', '3168904118', '123456', '方超', 2, '重庆邮电大学', '2016', '1809674320@qq.com', '通信工程', 1601,
        '13404356920', 1, '2020-03-31 08:06:08', 0, 0),
       ('3168904119', '3168904119', '123456', '陈昌成', 2, '重庆邮电大学', '2016', '1809674320@qq.com', '通信工程',
        1601, '15802804961', 0, '2020-03-31 08:06:08', 0, 0),
       ('3168904120', '3168904120', '123456', '纪炎德', 2, '重庆邮电大学', '2016', '1809674320@qq.com', '通信工程',
        1601, '15306760885', 0, '2020-03-31 08:06:08', 0, 0),
       ('3168904121', '3168904121', '123456', '吕龙', 2, '重庆邮电大学', '2016', '1809674320@qq.com', '通信工程', 1601,
        '15000545035', 0, '2020-03-31 08:06:08', 0, 0),
       ('3168904122', '3168904122', '123456', '苗巧', 2, '重庆邮电大学', '2016', '1809674320@qq.com', '通信工程', 1601,
        '15507556383', 0, '2020-03-31 08:06:08', 0, 0),
       ('3168904123', '3168904123', '123456', '杜澜', 2, '重庆邮电大学', '2016', '1809674320@qq.com', '通信工程', 1601,
        '13604614894', 0, '2020-03-31 08:06:08', 0, 0),
       ('3168904124', '3168904124', '123456', '熊世', 2, '重庆邮电大学', '2016', '1809674320@qq.com', '通信工程', 1601,
        '13500874579', 0, '2020-03-31 08:06:08', 0, 0),
       ('3168904125', '3168904125', '123456', '安泰盛', 2, '重庆邮电大学', '2016', '1809674320@qq.com', '通信工程',
        1601, '15107975617', 0, '2020-03-31 08:06:08', 0, 0),
       ('3168904126', '3168904126', '123456', '鲍山仁', 2, '重庆邮电大学', '2016', '1809674320@qq.com', '通信工程',
        1601, '13605760092', 1, '2020-03-31 08:06:08', 0, 0),
       ('3168904127', '3168904127', '123456', '任英华', 2, '重庆邮电大学', '2016', '1809674320@qq.com', '通信工程',
        1601, '15503136993', 1, '2020-03-31 08:06:09', 0, 0),
       ('3168904128', '3168904128', '123456', '成仪', 2, '重庆邮电大学', '2016', '1809674320@qq.com', '通信工程', 1601,
        '15302981655', 1, '2020-03-31 08:06:09', 0, 0),
       ('3168904129', '3168904129', '123456', '杜固之', 2, '重庆邮电大学', '2016', '1809674320@qq.com', '通信工程',
        1601, '15008304791', 1, '2020-03-31 08:06:09', 0, 0),
       ('3168904130', '3168904130', '123456', '茅成', 2, '重庆邮电大学', '2016', '1809674320@qq.com', '通信工程', 1601,
        '13800952780', 0, '2020-03-31 08:06:09', 0, 0),
       ('3168904131', '3168904131', '123456', '于磊民', 2, '重庆邮电大学', '2016', '1809674320@qq.com', '通信工程',
        1601, '15607931925', 0, '2020-03-31 08:06:09', 0, 0),
       ('3168904132', '3168904132', '123456', '柳芳', 2, '重庆邮电大学', '2016', '1809674320@qq.com', '通信工程', 1601,
        '13706950569', 0, '2020-03-31 08:06:09', 0, 0),
       ('3168904133', '3168904133', '123456', '余海', 2, '重庆邮电大学', '2016', '1809674320@qq.com', '通信工程', 1601,
        '13704891330', 0, '2020-03-31 08:06:09', 0, 0),
       ('3168904134', '3168904134', '123456', '卞霞香', 2, '重庆邮电大学', '2016', '1809674320@qq.com', '通信工程',
        1601, '13100480633', 1, '2020-03-31 08:06:09', 0, 0),
       ('3168904135', '3168904135', '123456', '倪学祥', 2, '重庆邮电大学', '2016', '1809674320@qq.com', '通信工程',
        1601, '15107555810', 1, '2020-03-31 08:06:09', 0, 0),
       ('3168904136', '3168904136', '123456', '严琦', 2, '重庆邮电大学', '2016', '1809674320@qq.com', '通信工程', 1601,
        '13906328892', 1, '2020-03-31 08:06:09', 0, 0),
       ('3168904137', '3168904137', '123456', '余时', 2, '重庆邮电大学', '2016', '1809674320@qq.com', '通信工程', 1601,
        '13201590518', 1, '2020-03-31 08:06:09', 0, 0),
       ('3168904138', '3168904138', '123456', '凤亚', 2, '重庆邮电大学', '2016', '1809674320@qq.com', '通信工程', 1601,
        '15301276714', 1, '2020-03-31 08:06:09', 0, 0),
       ('3168904139', '3168904139', '123456', '褚言', 2, '重庆邮电大学', '2016', '1809674320@qq.com', '通信工程', 1601,
        '15708360649', 1, '2020-03-31 08:06:10', 0, 0),
       ('3168904140', '3168904140', '123456', '禹发', 2, '重庆邮电大学', '2016', '1809674320@qq.com', '通信工程', 1601,
        '15101258148', 0, '2020-03-31 08:06:10', 0, 0),
       ('3168904141', '3168904141', '123456', '彭亚', 2, '重庆邮电大学', '2016', '1809674320@qq.com', '通信工程', 1601,
        '13706551100', 1, '2020-03-31 08:06:10', 0, 0),
       ('3168904142', '3168904142', '123456', '赵若鸣', 2, '重庆邮电大学', '2016', '1809674320@qq.com', '通信工程',
        1601, '13500586474', 0, '2020-03-31 08:06:10', 0, 0),
       ('3168904143', '3168904143', '123456', '苏振壮', 2, '重庆邮电大学', '2016', '1809674320@qq.com', '通信工程',
        1601, '13007713265', 0, '2020-03-31 08:06:10', 0, 0),
       ('3168904144', '3168904144', '123456', '魏君琴', 2, '重庆邮电大学', '2016', '1809674320@qq.com', '通信工程',
        1601, '15603145688', 0, '2020-03-31 08:06:10', 0, 0),
       ('3168904145', '3168904145', '123456', '阮清', 2, '重庆邮电大学', '2016', '1809674320@qq.com', '通信工程', 1601,
        '13101556782', 0, '2020-03-31 08:06:10', 0, 0),
       ('3168904146', '3168904146', '123456', '陶仪', 2, '重庆邮电大学', '2016', '1809674320@qq.com', '通信工程', 1601,
        '15102578553', 0, '2020-03-31 08:06:10', 0, 0),
       ('3168904147', '3168904147', '123456', '孙江超', 2, '重庆邮电大学', '2016', '1809674320@qq.com', '通信工程',
        1601, '13300085346', 1, '2020-03-31 08:06:10', 0, 0),
       ('3168904148', '3168904148', '123456', '罗保', 2, '重庆邮电大学', '2016', '1809674320@qq.com', '通信工程', 1601,
        '15307366857', 0, '2020-03-31 08:06:10', 0, 0),
       ('3168904149', '3168904149', '123456', '陈菁梦', 2, '重庆邮电大学', '2016', '1809674320@qq.com', '通信工程',
        1601, '15503606222', 1, '2020-03-31 08:06:11', 0, 0),
       ('3168904150', '3168904150', '123456', '陶之', 2, '重庆邮电大学', '2016', '1809674320@qq.com', '通信工程', 1601,
        '15101498900', 1, '2020-03-31 08:06:11', 0, 0),
       ('3168904151', '3168904151', '123456', '贝菲寒', 2, '重庆邮电大学', '2016', '1809674320@qq.com', '通信工程',
        1601, '13301842690', 1, '2020-03-31 08:06:11', 0, 0),
       ('3168904152', '3168904152', '123456', '茅士以', 2, '重庆邮电大学', '2016', '1809674320@qq.com', '通信工程',
        1601, '13804657813', 0, '2020-03-31 08:06:11', 0, 0),
       ('3168904153', '3168904153', '123456', '湛先', 2, '重庆邮电大学', '2016', '1809674320@qq.com', '通信工程', 1601,
        '13901004234', 1, '2020-03-31 08:06:11', 0, 0),
       ('3168904154', '3168904154', '123456', '纪思', 2, '重庆邮电大学', '2016', '1809674320@qq.com', '通信工程', 1601,
        '13403936099', 0, '2020-03-31 08:06:11', 0, 0),
       ('3168904155', '3168904155', '123456', '杜广志', 2, '重庆邮电大学', '2016', '1809674320@qq.com', '通信工程',
        1601, '15202426390', 0, '2020-03-31 08:06:11', 0, 0),
       ('3168904156', '3168904156', '123456', '王伯', 2, '重庆邮电大学', '2016', '1809674320@qq.com', '通信工程', 1601,
        '13406052420', 1, '2020-03-31 08:06:12', 0, 0),
       ('3168904157', '3168904157', '123456', '奚翔旭', 2, '重庆邮电大学', '2016', '1809674320@qq.com', '通信工程',
        1601, '15601417194', 0, '2020-03-31 08:06:12', 0, 0),
       ('3168904158', '3168904158', '123456', '谈东文', 2, '重庆邮电大学', '2016', '1809674320@qq.com', '通信工程',
        1601, '13204147851', 0, '2020-03-31 08:06:12', 0, 0),
       ('3168904159', '3168904159', '123456', '萧亮', 2, '重庆邮电大学', '2016', '1809674320@qq.com', '通信工程', 1601,
        '13500583800', 0, '2020-03-31 08:06:12', 0, 0),
       ('3168904160', '3168904160', '123456', '唐新', 2, '重庆邮电大学', '2016', '1809674320@qq.com', '通信工程', 1601,
        '15005468008', 0, '2020-03-31 08:06:12', 0, 0),
       ('3168904201', '3168904201', '123456', '唐康星', 2, '重庆邮电大学', '2016', '1809674320@qq.com', '通信工程',
        1602, '13800714945', 0, '2020-03-31 08:06:55', 0, 0),
       ('3168904202', '3168904202', '123456', '薛毅', 2, '重庆邮电大学', '2016', '1809674320@qq.com', '通信工程', 1602,
        '13002833874', 1, '2020-03-31 08:06:55', 0, 0),
       ('3168904203', '3168904203', '123456', '陈博', 2, '重庆邮电大学', '2016', '1809674320@qq.com', '通信工程', 1602,
        '13608750816', 0, '2020-03-31 08:06:55', 0, 0),
       ('3168904204', '3168904204', '123456', '许林有', 2, '重庆邮电大学', '2016', '1809674320@qq.com', '通信工程',
        1602, '13004811461', 0, '2020-03-31 08:06:55', 0, 0),
       ('3168904205', '3168904205', '123456', '戴富顺', 2, '重庆邮电大学', '2016', '1809674320@qq.com', '通信工程',
        1602, '13103532396', 0, '2020-03-31 08:06:55', 0, 0),
       ('3168904206', '3168904206', '123456', '窦义兴', 2, '重庆邮电大学', '2016', '1809674320@qq.com', '通信工程',
        1602, '15808022844', 0, '2020-03-31 08:06:55', 0, 0),
       ('3168904207', '3168904207', '123456', '殷梅', 2, '重庆邮电大学', '2016', '1809674320@qq.com', '通信工程', 1602,
        '15300893109', 0, '2020-03-31 08:06:55', 0, 0),
       ('3168904208', '3168904208', '123456', '黄固之', 2, '重庆邮电大学', '2016', '1809674320@qq.com', '通信工程',
        1602, '15607603244', 0, '2020-03-31 08:06:56', 0, 0),
       ('3168904209', '3168904209', '123456', '闵红', 2, '重庆邮电大学', '2016', '1809674320@qq.com', '通信工程', 1602,
        '15806815153', 1, '2020-03-31 08:06:56', 0, 0),
       ('3168904210', '3168904210', '123456', '袁君琴', 2, '重庆邮电大学', '2016', '1809674320@qq.com', '通信工程',
        1602, '15607796076', 1, '2020-03-31 08:06:56', 0, 0),
       ('3168904211', '3168904211', '123456', '华翰', 2, '重庆邮电大学', '2016', '1809674320@qq.com', '通信工程', 1602,
        '15901698233', 0, '2020-03-31 08:06:56', 0, 0),
       ('3168904212', '3168904212', '123456', '岑伊亚', 2, '重庆邮电大学', '2016', '1809674320@qq.com', '通信工程',
        1602, '15606441224', 0, '2020-03-31 08:06:56', 0, 0),
       ('3168904213', '3168904213', '123456', '曹维启', 2, '重庆邮电大学', '2016', '1809674320@qq.com', '通信工程',
        1602, '13803145331', 0, '2020-03-31 08:06:56', 0, 0),
       ('3168904214', '3168904214', '123456', '蓝时', 2, '重庆邮电大学', '2016', '1809674320@qq.com', '通信工程', 1602,
        '13202367671', 1, '2020-03-31 08:06:56', 0, 0),
       ('3168904215', '3168904215', '123456', '朱影荔', 2, '重庆邮电大学', '2016', '1809674320@qq.com', '通信工程',
        1602, '13900805004', 1, '2020-03-31 08:06:56', 0, 0),
       ('3168904216', '3168904216', '123456', '茅祥', 2, '重庆邮电大学', '2016', '1809674320@qq.com', '通信工程', 1602,
        '13307565071', 0, '2020-03-31 08:06:56', 0, 0),
       ('3168904217', '3168904217', '123456', '尤群豪', 2, '重庆邮电大学', '2016', '1809674320@qq.com', '通信工程',
        1602, '13407666082', 0, '2020-03-31 08:06:56', 0, 0),
       ('3168904218', '3168904218', '123456', '曹利清', 2, '重庆邮电大学', '2016', '1809674320@qq.com', '通信工程',
        1602, '15207096014', 1, '2020-03-31 08:06:56', 0, 0),
       ('3168904219', '3168904219', '123456', '袁子', 2, '重庆邮电大学', '2016', '1809674320@qq.com', '通信工程', 1602,
        '13907830158', 0, '2020-03-31 08:06:57', 0, 0),
       ('3168904220', '3168904220', '123456', '祁刚', 2, '重庆邮电大学', '2016', '1809674320@qq.com', '通信工程', 1602,
        '15305143563', 1, '2020-03-31 08:06:57', 0, 0),
       ('3168904221', '3168904221', '123456', '戚武新', 2, '重庆邮电大学', '2016', '1809674320@qq.com', '通信工程',
        1602, '15303945832', 0, '2020-03-31 08:06:57', 0, 0),
       ('3168904222', '3168904222', '123456', '曹荷丹', 2, '重庆邮电大学', '2016', '1809674320@qq.com', '通信工程',
        1602, '13707885335', 0, '2020-03-31 08:06:57', 0, 0),
       ('3168904223', '3168904223', '123456', '严斌', 2, '重庆邮电大学', '2016', '1809674320@qq.com', '通信工程', 1602,
        '13800210942', 1, '2020-03-31 08:06:57', 0, 0),
       ('3168904224', '3168904224', '123456', '彭苑', 2, '重庆邮电大学', '2016', '1809674320@qq.com', '通信工程', 1602,
        '13206596867', 1, '2020-03-31 08:06:57', 0, 0),
       ('3168904225', '3168904225', '123456', '鲁晨辰', 2, '重庆邮电大学', '2016', '1809674320@qq.com', '通信工程',
        1602, '15502376599', 0, '2020-03-31 08:06:57', 0, 0),
       ('3168904226', '3168904226', '123456', '苏秀娟', 2, '重庆邮电大学', '2016', '1809674320@qq.com', '通信工程',
        1602, '15101991093', 0, '2020-03-31 08:06:57', 0, 0),
       ('3168904227', '3168904227', '123456', '柳美娜', 2, '重庆邮电大学', '2016', '1809674320@qq.com', '通信工程',
        1602, '15705426277', 0, '2020-03-31 08:06:57', 0, 0),
       ('3168904228', '3168904228', '123456', '齐致树', 2, '重庆邮电大学', '2016', '1809674320@qq.com', '通信工程',
        1602, '15603912822', 0, '2020-03-31 08:06:57', 0, 0),
       ('3168904229', '3168904229', '123456', '庞生龙', 2, '重庆邮电大学', '2016', '1809674320@qq.com', '通信工程',
        1602, '13706932275', 0, '2020-03-31 08:06:57', 0, 0),
       ('3168904230', '3168904230', '123456', '奚贵福', 2, '重庆邮电大学', '2016', '1809674320@qq.com', '通信工程',
        1602, '15305825752', 1, '2020-03-31 08:06:58', 0, 0),
       ('3168904231', '3168904231', '123456', '吴武新', 2, '重庆邮电大学', '2016', '1809674320@qq.com', '通信工程',
        1602, '13608679000', 1, '2020-03-31 08:06:58', 0, 0),
       ('3168904232', '3168904232', '123456', '祝辉力', 2, '重庆邮电大学', '2016', '1809674320@qq.com', '通信工程',
        1602, '13204133213', 0, '2020-03-31 08:06:58', 0, 0),
       ('3168904233', '3168904233', '123456', '陈成', 2, '重庆邮电大学', '2016', '1809674320@qq.com', '通信工程', 1602,
        '13008885135', 0, '2020-03-31 08:06:58', 0, 0),
       ('3168904234', '3168904234', '123456', '史壮', 2, '重庆邮电大学', '2016', '1809674320@qq.com', '通信工程', 1602,
        '15301550866', 0, '2020-03-31 08:06:58', 0, 0),
       ('3168904235', '3168904235', '123456', '孙行时', 2, '重庆邮电大学', '2016', '1809674320@qq.com', '通信工程',
        1602, '13400484901', 0, '2020-03-31 08:06:58', 0, 0),
       ('3168904236', '3168904236', '123456', '倪君琴', 2, '重庆邮电大学', '2016', '1809674320@qq.com', '通信工程',
        1602, '15803543399', 0, '2020-03-31 08:06:58', 0, 0),
       ('3168904237', '3168904237', '123456', '柳怡婵', 2, '重庆邮电大学', '2016', '1809674320@qq.com', '通信工程',
        1602, '13503267307', 1, '2020-03-31 08:06:58', 0, 0),
       ('3168904238', '3168904238', '123456', '元元全', 2, '重庆邮电大学', '2016', '1809674320@qq.com', '通信工程',
        1602, '15701543994', 0, '2020-03-31 08:06:59', 0, 0),
       ('3168904239', '3168904239', '123456', '施谦', 2, '重庆邮电大学', '2016', '1809674320@qq.com', '通信工程', 1602,
        '15601576505', 0, '2020-03-31 08:06:59', 0, 0),
       ('3168904240', '3168904240', '123456', '时凤', 2, '重庆邮电大学', '2016', '1809674320@qq.com', '通信工程', 1602,
        '15805388550', 0, '2020-03-31 08:06:59', 0, 0),
       ('3168904241', '3168904241', '123456', '张固之', 2, '重庆邮电大学', '2016', '1809674320@qq.com', '通信工程',
        1602, '15208713721', 1, '2020-03-31 08:06:59', 0, 0),
       ('3168904242', '3168904242', '123456', '范梁栋', 2, '重庆邮电大学', '2016', '1809674320@qq.com', '通信工程',
        1602, '15202824411', 0, '2020-03-31 08:06:59', 0, 0),
       ('3168904243', '3168904243', '123456', '任舒', 2, '重庆邮电大学', '2016', '1809674320@qq.com', '通信工程', 1602,
        '13502407279', 0, '2020-03-31 08:06:59', 0, 0),
       ('3168904244', '3168904244', '123456', '郑会思', 2, '重庆邮电大学', '2016', '1809674320@qq.com', '通信工程',
        1602, '15105699002', 0, '2020-03-31 08:06:59', 0, 0),
       ('3168904245', '3168904245', '123456', '严娜', 2, '重庆邮电大学', '2016', '1809674320@qq.com', '通信工程', 1602,
        '15502555116', 0, '2020-03-31 08:06:59', 0, 0),
       ('3168904246', '3168904246', '123456', '沈子', 2, '重庆邮电大学', '2016', '1809674320@qq.com', '通信工程', 1602,
        '15205826176', 1, '2020-03-31 08:07:00', 0, 0),
       ('3168904247', '3168904247', '123456', '齐辰', 2, '重庆邮电大学', '2016', '1809674320@qq.com', '通信工程', 1602,
        '15005297958', 1, '2020-03-31 08:07:00', 0, 0),
       ('3168904248', '3168904248', '123456', '葛才发', 2, '重庆邮电大学', '2016', '1809674320@qq.com', '通信工程',
        1602, '13107087922', 1, '2020-03-31 08:07:00', 0, 0),
       ('3168904249', '3168904249', '123456', '雷晨辰', 2, '重庆邮电大学', '2016', '1809674320@qq.com', '通信工程',
        1602, '13004418366', 0, '2020-03-31 08:07:00', 0, 0),
       ('3168904250', '3168904250', '123456', '姚强军1', 2, '重庆邮电大学', '2016', '1809674320@qq.com', '通信工程',
        1602, '13407660787', 0, '2020-03-31 08:07:00', 0, 0),
       ('3168905101', '3168905101', '123456', '薛有', 2, '重庆邮电大学', '2016', '1809674320@qq.com', '土木工程', 1601,
        '13901818612', 0, '2020-03-31 08:09:50', 0, 0),
       ('3168905102', '3168905102', '123456', '邵瑾颖', 2, '重庆邮电大学', '2016', '1809674320@qq.com', '土木工程',
        1601, '13607570681', 0, '2020-03-31 08:09:50', 0, 0),
       ('3168905103', '3168905103', '123456', '许梁栋', 2, '重庆邮电大学', '2016', '1809674320@qq.com', '土木工程',
        1601, '15900673026', 0, '2020-03-31 08:09:50', 0, 0),
       ('3168905104', '3168905104', '123456', '杜珍贞', 2, '重庆邮电大学', '2016', '1809674320@qq.com', '土木工程',
        1601, '13603046662', 0, '2020-03-31 08:09:50', 0, 0),
       ('3168905105', '3168905105', '123456', '计娜', 2, '重庆邮电大学', '2016', '1809674320@qq.com', '土木工程', 1601,
        '15208423996', 0, '2020-03-31 08:09:50', 0, 0),
       ('3168905106', '3168905106', '123456', '傅悦昭', 2, '重庆邮电大学', '2016', '1809674320@qq.com', '土木工程',
        1601, '13801109039', 0, '2020-03-31 08:09:50', 0, 0),
       ('3168905107', '3168905107', '123456', '陈亮', 2, '重庆邮电大学', '2016', '1809674320@qq.com', '土木工程', 1601,
        '13204516620', 0, '2020-03-31 08:09:50', 0, 0),
       ('3168905108', '3168905108', '123456', '和维启', 2, '重庆邮电大学', '2016', '1809674320@qq.com', '土木工程',
        1601, '15703470448', 0, '2020-03-31 08:09:50', 0, 0),
       ('3168905109', '3168905109', '123456', '谢朋斌', 2, '重庆邮电大学', '2016', '1809674320@qq.com', '土木工程',
        1601, '15307806665', 0, '2020-03-31 08:09:51', 0, 0),
       ('3168905110', '3168905110', '123456', '祁浩亮', 2, '重庆邮电大学', '2016', '1809674320@qq.com', '土木工程',
        1601, '15607922192', 0, '2020-03-31 08:09:51', 0, 0),
       ('3168905111', '3168905111', '123456', '褚飘育', 2, '重庆邮电大学', '2016', '1809674320@qq.com', '土木工程',
        1601, '13102471312', 0, '2020-03-31 08:09:51', 0, 0),
       ('3168905112', '3168905112', '123456', '酆保', 2, '重庆邮电大学', '2016', '1809674320@qq.com', '土木工程', 1601,
        '15601978199', 0, '2020-03-31 08:09:51', 0, 0),
       ('3168905113', '3168905113', '123456', '殷艳', 2, '重庆邮电大学', '2016', '1809674320@qq.com', '土木工程', 1601,
        '15908681481', 0, '2020-03-31 08:09:51', 0, 0),
       ('3168905114', '3168905114', '123456', '蒋荣', 2, '重庆邮电大学', '2016', '1809674320@qq.com', '土木工程', 1601,
        '15502914776', 0, '2020-03-31 08:09:51', 0, 0),
       ('3168905115', '3168905115', '123456', '赵斌', 2, '重庆邮电大学', '2016', '1809674320@qq.com', '土木工程', 1601,
        '15802154872', 0, '2020-03-31 08:09:51', 0, 0),
       ('3168905116', '3168905116', '123456', '昌刚', 2, '重庆邮电大学', '2016', '1809674320@qq.com', '土木工程', 1601,
        '13902011844', 0, '2020-03-31 08:09:51', 0, 0),
       ('3168905117', '3168905117', '123456', '酆韵融', 2, '重庆邮电大学', '2016', '1809674320@qq.com', '土木工程',
        1601, '15807331449', 0, '2020-03-31 08:09:51', 0, 0),
       ('3168905118', '3168905118', '123456', '卞亮', 2, '重庆邮电大学', '2016', '1809674320@qq.com', '土木工程', 1601,
        '13403826440', 0, '2020-03-31 08:09:51', 0, 0),
       ('3168905119', '3168905119', '123456', '谢武新', 2, '重庆邮电大学', '2016', '1809674320@qq.com', '土木工程',
        1601, '15208237578', 0, '2020-03-31 08:09:51', 0, 0),
       ('3168905120', '3168905120', '123456', '元竹霭', 2, '重庆邮电大学', '2016', '1809674320@qq.com', '土木工程',
        1601, '13100257391', 0, '2020-03-31 08:09:52', 0, 0),
       ('3168905121', '3168905121', '123456', '黄义兴', 2, '重庆邮电大学', '2016', '1809674320@qq.com', '土木工程',
        1601, '13902875920', 0, '2020-03-31 08:09:52', 0, 0),
       ('3168905122', '3168905122', '123456', '尹蓉眉', 2, '重庆邮电大学', '2016', '1809674320@qq.com', '土木工程',
        1601, '13406892790', 0, '2020-03-31 08:09:52', 0, 0),
       ('3168905123', '3168905123', '123456', '戴叶', 2, '重庆邮电大学', '2016', '1809674320@qq.com', '土木工程', 1601,
        '13906166126', 0, '2020-03-31 08:09:52', 0, 0),
       ('3168905124', '3168905124', '123456', '皮坚和', 2, '重庆邮电大学', '2016', '1809674320@qq.com', '土木工程',
        1601, '15608627381', 0, '2020-03-31 08:09:52', 0, 0),
       ('3168905125', '3168905125', '123456', '马妍', 2, '重庆邮电大学', '2016', '1809674320@qq.com', '土木工程', 1601,
        '13607867762', 0, '2020-03-31 08:09:52', 0, 0),
       ('3168905126', '3168905126', '123456', '倪永', 2, '重庆邮电大学', '2016', '1809674320@qq.com', '土木工程', 1601,
        '13501937379', 0, '2020-03-31 08:09:52', 0, 0),
       ('3168905127', '3168905127', '123456', '狄爱妹', 2, '重庆邮电大学', '2016', '1809674320@qq.com', '土木工程',
        1601, '15100787017', 0, '2020-03-31 08:09:52', 0, 0),
       ('3168905128', '3168905128', '123456', '方先', 2, '重庆邮电大学', '2016', '1809674320@qq.com', '土木工程', 1601,
        '15804813609', 0, '2020-03-31 08:09:52', 0, 0),
       ('3168905129', '3168905129', '123456', '褚世', 2, '重庆邮电大学', '2016', '1809674320@qq.com', '土木工程', 1601,
        '13502793981', 1, '2020-03-31 08:10:19', 0, 0),
       ('3168905130', '3168905130', '123456', '何伊亚', 2, '重庆邮电大学', '2016', '1809674320@qq.com', '土木工程',
        1601, '13608516609', 1, '2020-03-31 08:10:19', 0, 0),
       ('3168906101', '3168906101', '123456', '汤士以', 2, '重庆邮电大学', '2016', '1809674320@qq.com', '网络工程',
        1601, '15608252593', 0, '2020-03-31 08:11:40', 0, 0),
       ('3168906102', '3168906102', '123456', '姜馨', 2, '重庆邮电大学', '2016', '1809674320@qq.com', '网络工程', 1601,
        '15601755368', 0, '2020-03-31 08:11:40', 0, 0),
       ('3168906103', '3168906103', '123456', '毕平保', 2, '重庆邮电大学', '2016', '1809674320@qq.com', '网络工程',
        1601, '15503969000', 0, '2020-03-31 08:11:40', 0, 0),
       ('3168906104', '3168906104', '123456', '蒋涛', 2, '重庆邮电大学', '2016', '1809674320@qq.com', '网络工程', 1601,
        '15108786958', 1, '2020-03-31 08:11:40', 0, 0),
       ('3168906105', '3168906105', '123456', '苏康星', 2, '重庆邮电大学', '2016', '1809674320@qq.com', '网络工程',
        1601, '15106743118', 0, '2020-03-31 08:11:40', 0, 0),
       ('3168906106', '3168906106', '123456', '赵英华', 2, '重庆邮电大学', '2016', '1809674320@qq.com', '网络工程',
        1601, '13705411042', 0, '2020-03-31 08:11:40', 0, 0),
       ('3168906107', '3168906107', '123456', '皮钧冠', 2, '重庆邮电大学', '2016', '1809674320@qq.com', '网络工程',
        1601, '13606992942', 0, '2020-03-31 08:11:40', 0, 0),
       ('3168906108', '3168906108', '123456', '阮功', 2, '重庆邮电大学', '2016', '1809674320@qq.com', '网络工程', 1601,
        '13203153390', 1, '2020-03-31 08:11:40', 0, 0),
       ('3168906109', '3168906109', '123456', '薛新', 2, '重庆邮电大学', '2016', '1809674320@qq.com', '网络工程', 1601,
        '13202115410', 1, '2020-03-31 08:11:41', 0, 0),
       ('3168906110', '3168906110', '123456', '章俊峰', 2, '重庆邮电大学', '2016', '1809674320@qq.com', '网络工程',
        1601, '13502487476', 1, '2020-03-31 08:11:41', 0, 0),
       ('3168906111', '3168906111', '123456', '张秀娟', 2, '重庆邮电大学', '2016', '1809674320@qq.com', '网络工程',
        1601, '15203818581', 0, '2020-03-31 08:11:41', 0, 0),
       ('3168906112', '3168906112', '123456', '计建家', 2, '重庆邮电大学', '2016', '1809674320@qq.com', '网络工程',
        1601, '13304451272', 1, '2020-03-31 08:11:41', 0, 0),
       ('3168906113', '3168906113', '123456', '时瑞凡', 2, '重庆邮电大学', '2016', '1809674320@qq.com', '网络工程',
        1601, '15708462518', 0, '2020-03-31 08:11:41', 0, 0),
       ('3168906114', '3168906114', '123456', '郎栋', 2, '重庆邮电大学', '2016', '1809674320@qq.com', '网络工程', 1601,
        '15707293272', 1, '2020-03-31 08:11:41', 0, 0),
       ('3168906115', '3168906115', '123456', '任勇毅', 2, '重庆邮电大学', '2016', '1809674320@qq.com', '网络工程',
        1601, '13504573344', 0, '2020-03-31 08:11:41', 0, 0),
       ('3168906116', '3168906116', '123456', '昌克伦', 2, '重庆邮电大学', '2016', '1809674320@qq.com', '网络工程',
        1601, '15508016482', 0, '2020-03-31 08:11:41', 0, 0),
       ('3168906117', '3168906117', '123456', '计超', 2, '重庆邮电大学', '2016', '1809674320@qq.com', '网络工程', 1601,
        '13203201154', 1, '2020-03-31 08:11:41', 0, 0),
       ('3168906118', '3168906118', '123456', '蒋芬芳', 2, '重庆邮电大学', '2016', '1809674320@qq.com', '网络工程',
        1601, '15807766531', 0, '2020-03-31 08:11:41', 0, 0),
       ('3168906119', '3168906119', '123456', '熊枫芸', 2, '重庆邮电大学', '2016', '1809674320@qq.com', '网络工程',
        1601, '13400800200', 1, '2020-03-31 08:11:41', 0, 0),
       ('3168906120', '3168906120', '123456', '范浩亮', 2, '重庆邮电大学', '2016', '1809674320@qq.com', '网络工程',
        1601, '13907121638', 0, '2020-03-31 08:11:41', 0, 0),
       ('3168906121', '3168906121', '123456', '臧馨', 2, '重庆邮电大学', '2016', '1809674320@qq.com', '网络工程', 1601,
        '13406022569', 1, '2020-03-31 08:11:41', 0, 0),
       ('3168906122', '3168906122', '123456', '戴利清', 2, '重庆邮电大学', '2016', '1809674320@qq.com', '网络工程',
        1601, '13200037105', 1, '2020-03-31 08:11:41', 0, 0),
       ('3168906123', '3168906123', '123456', '湛博', 2, '重庆邮电大学', '2016', '1809674320@qq.com', '网络工程', 1601,
        '13007677305', 1, '2020-03-31 08:11:41', 0, 0),
       ('3168906124', '3168906124', '123456', '邹淑', 2, '重庆邮电大学', '2016', '1809674320@qq.com', '网络工程', 1601,
        '15506476352', 1, '2020-03-31 08:11:42', 0, 0),
       ('3168906125', '3168906125', '123456', '禹嘉', 2, '重庆邮电大学', '2016', '1809674320@qq.com', '网络工程', 1601,
        '13908771178', 1, '2020-03-31 08:11:42', 0, 0),
       ('3168906126', '3168906126', '123456', '萧仁', 2, '重庆邮电大学', '2016', '1809674320@qq.com', '网络工程', 1601,
        '15901601340', 0, '2020-03-31 08:11:42', 0, 0),
       ('3168906127', '3168906127', '123456', '吕坚和', 2, '重庆邮电大学', '2016', '1809674320@qq.com', '网络工程',
        1601, '13805965539', 0, '2020-03-31 08:11:42', 0, 0),
       ('3168906128', '3168906128', '123456', '许倩', 2, '重庆邮电大学', '2016', '1809674320@qq.com', '网络工程', 1601,
        '15802938330', 0, '2020-03-31 08:11:42', 0, 0),
       ('3168906129', '3168906129', '123456', '喻士以', 2, '重庆邮电大学', '2016', '1809674320@qq.com', '网络工程',
        1601, '15805126327', 0, '2020-03-31 08:11:43', 0, 0),
       ('3168906130', '3168906130', '123456', '苏胜', 2, '重庆邮电大学', '2016', '1809674320@qq.com', '网络工程', 1601,
        '15003487861', 1, '2020-03-31 08:11:43', 0, 0),
       ('3168906131', '3168906131', '123456', '岑平保', 2, '重庆邮电大学', '2016', '1809674320@qq.com', '网络工程',
        1601, '13906575021', 1, '2020-03-31 08:11:43', 0, 0),
       ('3168906132', '3168906132', '123456', '贝颖', 2, '重庆邮电大学', '2016', '1809674320@qq.com', '网络工程', 1601,
        '15101909008', 1, '2020-03-31 08:11:43', 0, 0),
       ('3168906133', '3168906133', '123456', '赵晓', 2, '重庆邮电大学', '2016', '1809674320@qq.com', '网络工程', 1601,
        '13606533815', 0, '2020-03-31 08:11:43', 0, 0),
       ('3168906134', '3168906134', '123456', '姜康星', 2, '重庆邮电大学', '2016', '1809674320@qq.com', '网络工程',
        1601, '13001808887', 1, '2020-03-31 08:11:43', 0, 0),
       ('3168906135', '3168906135', '123456', '俞天', 2, '重庆邮电大学', '2016', '1809674320@qq.com', '网络工程', 1601,
        '15501357410', 0, '2020-03-31 08:11:43', 0, 0),
       ('3168906136', '3168906136', '123456', '鲁彩', 2, '重庆邮电大学', '2016', '1809674320@qq.com', '网络工程', 1601,
        '13406551954', 0, '2020-03-31 08:11:43', 0, 0),
       ('3168906137', '3168906137', '123456', '朱福', 2, '重庆邮电大学', '2016', '1809674320@qq.com', '网络工程', 1601,
        '15904713617', 1, '2020-03-31 08:11:43', 0, 0),
       ('3168906138', '3168906138', '123456', '赵才发', 2, '重庆邮电大学', '2016', '1809674320@qq.com', '网络工程',
        1601, '13002780489', 0, '2020-03-31 08:11:43', 0, 0),
       ('3168906139', '3168906139', '123456', '窦义兴', 2, '重庆邮电大学', '2016', '1809674320@qq.com', '网络工程',
        1601, '15200933313', 0, '2020-03-31 08:11:43', 0, 0),
       ('3168906140', '3168906140', '123456', '郑永', 2, '重庆邮电大学', '2016', '1809674320@qq.com', '网络工程', 1601,
        '15008184885', 0, '2020-03-31 08:11:43', 0, 0),
       ('3168906141', '3168906141', '123456', '康梁栋', 2, '重庆邮电大学', '2016', '1809674320@qq.com', '网络工程',
        1601, '15902453985', 1, '2020-03-31 08:11:43', 0, 0),
       ('3168906142', '3168906142', '123456', '岑梅', 2, '重庆邮电大学', '2016', '1809674320@qq.com', '网络工程', 1601,
        '15103860726', 0, '2020-03-31 08:11:43', 0, 0),
       ('3168906143', '3168906143', '123456', '杨海', 2, '重庆邮电大学', '2016', '1809674320@qq.com', '网络工程', 1601,
        '13407639067', 0, '2020-03-31 08:11:44', 0, 0),
       ('3168906144', '3168906144', '123456', '时腾', 2, '重庆邮电大学', '2016', '1809674320@qq.com', '网络工程', 1601,
        '13708174471', 0, '2020-03-31 08:11:44', 0, 0),
       ('3168906145', '3168906145', '123456', '席平保', 2, '重庆邮电大学', '2016', '1809674320@qq.com', '网络工程',
        1601, '13406474693', 0, '2020-03-31 08:11:44', 0, 0),
       ('3168906146', '3168906146', '123456', '柳和', 2, '重庆邮电大学', '2016', '1809674320@qq.com', '网络工程', 1601,
        '13600293419', 0, '2020-03-31 08:11:44', 0, 0),
       ('3168906147', '3168906147', '123456', '蓝鸣', 2, '重庆邮电大学', '2016', '1809674320@qq.com', '网络工程', 1601,
        '13704193769', 1, '2020-03-31 08:11:44', 0, 0),
       ('3168906148', '3168906148', '123456', '余进', 2, '重庆邮电大学', '2016', '1809674320@qq.com', '网络工程', 1601,
        '13106543020', 0, '2020-03-31 08:11:44', 0, 0),
       ('3168906149', '3168906149', '123456', '伍言', 2, '重庆邮电大学', '2016', '1809674320@qq.com', '网络工程', 1601,
        '13601944276', 0, '2020-03-31 08:11:44', 0, 0),
       ('3168906150', '3168906150', '123456', '尤克伦', 2, '重庆邮电大学', '2016', '1809674320@qq.com', '网络工程',
        1601, '15206614057', 0, '2020-03-31 08:11:44', 0, 0),
       ('3168906201', '3168906201', '123456', '韦晨辰', 2, '重庆邮电大学', '2016', '1809674320@qq.com', '网络工程',
        1602, '13904222241', 0, '2020-03-31 08:12:37', 0, 0),
       ('3168906202', '3168906202', '123456', '乐辰', 2, '重庆邮电大学', '2016', '1809674320@qq.com', '网络工程', 1602,
        '13007183609', 1, '2020-03-31 08:12:37', 0, 0),
       ('3168906203', '3168906203', '123456', '纪安', 2, '重庆邮电大学', '2016', '1809674320@qq.com', '网络工程', 1602,
        '13807864913', 0, '2020-03-31 08:12:37', 0, 0),
       ('3168906204', '3168906204', '123456', '阮英华', 2, '重庆邮电大学', '2016', '1809674320@qq.com', '网络工程',
        1602, '13800686182', 0, '2020-03-31 08:12:37', 0, 0),
       ('3168906205', '3168906205', '123456', '项荷丹', 2, '重庆邮电大学', '2016', '1809674320@qq.com', '网络工程',
        1602, '13203685022', 1, '2020-03-31 08:12:37', 0, 0),
       ('3168906206', '3168906206', '123456', '彭雅', 2, '重庆邮电大学', '2016', '1809674320@qq.com', '网络工程', 1602,
        '13706492898', 0, '2020-03-31 08:12:37', 0, 0),
       ('3168906207', '3168906207', '123456', '卫富顺', 2, '重庆邮电大学', '2016', '1809674320@qq.com', '网络工程',
        1602, '13706706832', 0, '2020-03-31 08:12:37', 0, 0),
       ('3168906208', '3168906208', '123456', '戚荣', 2, '重庆邮电大学', '2016', '1809674320@qq.com', '网络工程', 1602,
        '13803707907', 1, '2020-03-31 08:12:37', 0, 0),
       ('3168906209', '3168906209', '123456', '方利清', 2, '重庆邮电大学', '2016', '1809674320@qq.com', '网络工程',
        1602, '15101430306', 1, '2020-03-31 08:12:38', 0, 0),
       ('3168906210', '3168906210', '123456', '魏楠榕', 2, '重庆邮电大学', '2016', '1809674320@qq.com', '网络工程',
        1602, '13508884787', 1, '2020-03-31 08:12:38', 0, 0),
       ('3168906211', '3168906211', '123456', '云红', 2, '重庆邮电大学', '2016', '1809674320@qq.com', '网络工程', 1602,
        '15504955545', 0, '2020-03-31 08:12:38', 0, 0),
       ('3168906212', '3168906212', '123456', '和承乐', 2, '重庆邮电大学', '2016', '1809674320@qq.com', '网络工程',
        1602, '13000551455', 0, '2020-03-31 08:12:38', 0, 0),
       ('3168906213', '3168906213', '123456', '茅清', 2, '重庆邮电大学', '2016', '1809674320@qq.com', '网络工程', 1602,
        '15202607807', 0, '2020-03-31 08:12:38', 0, 0),
       ('3168906214', '3168906214', '123456', '臧振壮', 2, '重庆邮电大学', '2016', '1809674320@qq.com', '网络工程',
        1602, '15300510538', 0, '2020-03-31 08:12:38', 0, 0),
       ('3168906215', '3168906215', '123456', '戴之', 2, '重庆邮电大学', '2016', '1809674320@qq.com', '网络工程', 1602,
        '15007732058', 0, '2020-03-31 08:12:38', 0, 0),
       ('3168906216', '3168906216', '123456', '倪利清', 2, '重庆邮电大学', '2016', '1809674320@qq.com', '网络工程',
        1602, '13507747383', 1, '2020-03-31 08:12:38', 0, 0),
       ('3168906217', '3168906217', '123456', '宋伟刚', 2, '重庆邮电大学', '2016', '1809674320@qq.com', '网络工程',
        1602, '15304768019', 0, '2020-03-31 08:12:39', 0, 0),
       ('3168906218', '3168906218', '123456', '周力', 2, '重庆邮电大学', '2016', '1809674320@qq.com', '网络工程', 1602,
        '13006223579', 0, '2020-03-31 08:12:39', 0, 0),
       ('3168906219', '3168906219', '123456', '薛顺', 2, '重庆邮电大学', '2016', '1809674320@qq.com', '网络工程', 1602,
        '13005806631', 1, '2020-03-31 08:12:39', 0, 0),
       ('3168906220', '3168906220', '123456', '闵纨仪', 2, '重庆邮电大学', '2016', '1809674320@qq.com', '网络工程',
        1602, '15002438337', 0, '2020-03-31 08:12:39', 0, 0),
       ('3168906221', '3168906221', '123456', '唐强军', 2, '重庆邮电大学', '2016', '1809674320@qq.com', '网络工程',
        1602, '13302364592', 1, '2020-03-31 08:12:39', 0, 0),
       ('3168906222', '3168906222', '123456', '滕芸', 2, '重庆邮电大学', '2016', '1809674320@qq.com', '网络工程', 1602,
        '13105385035', 0, '2020-03-31 08:12:39', 0, 0),
       ('3168906223', '3168906223', '123456', '皮玲', 2, '重庆邮电大学', '2016', '1809674320@qq.com', '网络工程', 1602,
        '15802258850', 0, '2020-03-31 08:12:39', 0, 0),
       ('3168906224', '3168906224', '123456', '方凡', 2, '重庆邮电大学', '2016', '1809674320@qq.com', '网络工程', 1602,
        '13004338996', 0, '2020-03-31 08:12:39', 0, 0),
       ('3168906225', '3168906225', '123456', '孔文', 2, '重庆邮电大学', '2016', '1809674320@qq.com', '网络工程', 1602,
        '15508027234', 0, '2020-03-31 08:12:39', 0, 0),
       ('3168906226', '3168906226', '123456', '魏星', 2, '重庆邮电大学', '2016', '1809674320@qq.com', '网络工程', 1602,
        '13700252218', 0, '2020-03-31 08:12:39', 0, 0),
       ('3168906227', '3168906227', '123456', '顾叶', 2, '重庆邮电大学', '2016', '1809674320@qq.com', '网络工程', 1602,
        '15505593724', 0, '2020-03-31 08:12:39', 0, 0),
       ('3168906228', '3168906228', '123456', '张祥', 2, '重庆邮电大学', '2016', '1809674320@qq.com', '网络工程', 1602,
        '15104708998', 1, '2020-03-31 08:12:39', 0, 0),
       ('3168906229', '3168906229', '123456', '毛炎德', 2, '重庆邮电大学', '2016', '1809674320@qq.com', '网络工程',
        1602, '13708411957', 0, '2020-03-31 08:12:40', 0, 0),
       ('3168906230', '3168906230', '123456', '华滢馥', 2, '重庆邮电大学', '2016', '1809674320@qq.com', '网络工程',
        1602, '13208743640', 1, '2020-03-31 08:12:40', 0, 0),
       ('3168906231', '3168906231', '123456', '卜影荔', 2, '重庆邮电大学', '2016', '1809674320@qq.com', '网络工程',
        1602, '13506015239', 1, '2020-03-31 08:12:40', 0, 0),
       ('3168906232', '3168906232', '123456', '蒋诚先', 2, '重庆邮电大学', '2016', '1809674320@qq.com', '网络工程',
        1602, '15104052840', 0, '2020-03-31 08:12:40', 0, 0),
       ('3168906233', '3168906233', '123456', '云固之', 2, '重庆邮电大学', '2016', '1809674320@qq.com', '网络工程',
        1602, '15305515022', 1, '2020-03-31 08:12:40', 0, 0),
       ('3168906234', '3168906234', '123456', '范富顺', 2, '重庆邮电大学', '2016', '1809674320@qq.com', '网络工程',
        1602, '13704227367', 0, '2020-03-31 08:12:40', 0, 0),
       ('3168906235', '3168906235', '123456', '窦晨辰', 2, '重庆邮电大学', '2016', '1809674320@qq.com', '网络工程',
        1602, '15906928376', 1, '2020-03-31 08:12:40', 0, 0),
       ('3168906236', '3168906236', '123456', '王毅', 2, '重庆邮电大学', '2016', '1809674320@qq.com', '网络工程', 1602,
        '13304704727', 0, '2020-03-31 08:12:40', 0, 0),
       ('3168906237', '3168906237', '123456', '许谦', 2, '重庆邮电大学', '2016', '1809674320@qq.com', '网络工程', 1602,
        '15703648020', 0, '2020-03-31 08:12:40', 0, 0),
       ('3168906238', '3168906238', '123456', '戴钧冠', 2, '重庆邮电大学', '2016', '1809674320@qq.com', '网络工程',
        1602, '13204986448', 0, '2020-03-31 08:12:40', 0, 0),
       ('3168906239', '3168906239', '123456', '鲍全', 2, '重庆邮电大学', '2016', '1809674320@qq.com', '网络工程', 1602,
        '15108368467', 1, '2020-03-31 08:12:40', 0, 0),
       ('3168906240', '3168906240', '123456', '奚中', 2, '重庆邮电大学', '2016', '1809674320@qq.com', '网络工程', 1602,
        '15201887621', 0, '2020-03-31 08:12:40', 0, 0),
       ('3168906301', '3168906301', '123456', '钱飘育', 2, '重庆邮电大学', '2016', '1809674320@qq.com', '网络工程',
        1603, '13603013155', 0, '2020-03-31 08:13:09', 0, 0),
       ('3168906302', '3168906302', '123456', '禹利清', 2, '重庆邮电大学', '2016', '1809674320@qq.com', '网络工程',
        1603, '15208276773', 0, '2020-03-31 08:13:09', 0, 0),
       ('3168906303', '3168906303', '123456', '喻启', 2, '重庆邮电大学', '2016', '1809674320@qq.com', '网络工程', 1603,
        '13901441329', 0, '2020-03-31 08:13:10', 0, 0),
       ('3168906304', '3168906304', '123456', '伍鹏泽', 2, '重庆邮电大学', '2016', '1809674320@qq.com', '网络工程',
        1603, '13908301935', 0, '2020-03-31 08:13:10', 0, 0),
       ('3168906305', '3168906305', '123456', '昌翰', 2, '重庆邮电大学', '2016', '1809674320@qq.com', '网络工程', 1603,
        '15303844427', 0, '2020-03-31 08:13:10', 0, 0),
       ('3168906306', '3168906306', '123456', '贝翠雅', 2, '重庆邮电大学', '2016', '1809674320@qq.com', '网络工程',
        1603, '13001533007', 1, '2020-03-31 08:13:10', 0, 0),
       ('3168906307', '3168906307', '123456', '任莲', 2, '重庆邮电大学', '2016', '1809674320@qq.com', '网络工程', 1603,
        '15302300382', 0, '2020-03-31 08:13:10', 0, 0),
       ('3168906308', '3168906308', '123456', '周国胜', 2, '重庆邮电大学', '2016', '1809674320@qq.com', '网络工程',
        1603, '13906221994', 0, '2020-03-31 08:13:10', 0, 0),
       ('3168906309', '3168906309', '123456', '褚元全', 2, '重庆邮电大学', '2016', '1809674320@qq.com', '网络工程',
        1603, '13803131104', 0, '2020-03-31 08:13:10', 0, 0),
       ('3168906310', '3168906310', '123456', '庞青倩', 2, '重庆邮电大学', '2016', '1809674320@qq.com', '网络工程',
        1603, '13205265916', 1, '2020-03-31 08:13:10', 0, 0),
       ('3168906311', '3168906311', '123456', '吕馨', 2, '重庆邮电大学', '2016', '1809674320@qq.com', '网络工程', 1603,
        '15908595911', 1, '2020-03-31 08:13:10', 0, 0),
       ('3168906312', '3168906312', '123456', '项玲', 2, '重庆邮电大学', '2016', '1809674320@qq.com', '网络工程', 1603,
        '15307336154', 1, '2020-03-31 08:13:10', 0, 0),
       ('3168906313', '3168906313', '123456', '戴钧冠', 2, '重庆邮电大学', '2016', '1809674320@qq.com', '网络工程',
        1603, '15201578224', 0, '2020-03-31 08:13:10', 0, 0),
       ('3168906314', '3168906314', '123456', '吴贞', 2, '重庆邮电大学', '2016', '1809674320@qq.com', '网络工程', 1603,
        '13801017391', 0, '2020-03-31 08:13:11', 0, 0),
       ('3168906315', '3168906315', '123456', '湛可', 2, '重庆邮电大学', '2016', '1809674320@qq.com', '网络工程', 1603,
        '13208311701', 0, '2020-03-31 08:13:11', 0, 0),
       ('3168906316', '3168906316', '123456', '金影荔', 2, '重庆邮电大学', '2016', '1809674320@qq.com', '网络工程',
        1603, '15004322875', 0, '2020-03-31 08:13:11', 0, 0),
       ('3168906317', '3168906317', '123456', '卞会思', 2, '重庆邮电大学', '2016', '1809674320@qq.com', '网络工程',
        1603, '15708242619', 0, '2020-03-31 08:13:11', 0, 0),
       ('3168906318', '3168906318', '123456', '常苑', 2, '重庆邮电大学', '2016', '1809674320@qq.com', '网络工程', 1603,
        '13506187016', 1, '2020-03-31 08:13:11', 0, 0),
       ('3168906319', '3168906319', '123456', '明壮', 2, '重庆邮电大学', '2016', '1809674320@qq.com', '网络工程', 1603,
        '13002284152', 0, '2020-03-31 08:13:11', 0, 0),
       ('3168906320', '3168906320', '123456', '沈伦', 2, '重庆邮电大学', '2016', '1809674320@qq.com', '网络工程', 1603,
        '15605204887', 0, '2020-03-31 08:13:11', 0, 0),
       ('3168906321', '3168906321', '123456', '邬裕', 2, '重庆邮电大学', '2016', '1809674320@qq.com', '网络工程', 1603,
        '13404606658', 1, '2020-03-31 08:13:11', 0, 0),
       ('3168906322', '3168906322', '123456', '戴岚苑', 2, '重庆邮电大学', '2016', '1809674320@qq.com', '网络工程',
        1603, '13506546594', 0, '2020-03-31 08:13:12', 0, 0),
       ('3168906323', '3168906323', '123456', '贺雄琛', 2, '重庆邮电大学', '2016', '1809674320@qq.com', '网络工程',
        1603, '15306827071', 0, '2020-03-31 08:13:12', 0, 0),
       ('3168906324', '3168906324', '123456', '花梦', 2, '重庆邮电大学', '2016', '1809674320@qq.com', '网络工程', 1603,
        '13106401397', 0, '2020-03-31 08:13:12', 0, 0),
       ('3168906325', '3168906325', '123456', '马茂进', 2, '重庆邮电大学', '2016', '1809674320@qq.com', '网络工程',
        1603, '13703008338', 0, '2020-03-31 08:13:12', 0, 0),
       ('3168906326', '3168906326', '123456', '赵德', 2, '重庆邮电大学', '2016', '1809674320@qq.com', '网络工程', 1603,
        '13503582561', 0, '2020-03-31 08:13:12', 0, 0),
       ('3168906327', '3168906327', '123456', '俞苑', 2, '重庆邮电大学', '2016', '1809674320@qq.com', '网络工程', 1603,
        '15803167526', 1, '2020-03-31 08:13:12', 0, 0),
       ('3168906328', '3168906328', '123456', '薛才发', 2, '重庆邮电大学', '2016', '1809674320@qq.com', '网络工程',
        1603, '15106192996', 0, '2020-03-31 08:13:12', 0, 0),
       ('3168906329', '3168906329', '123456', '祁山仁', 2, '重庆邮电大学', '2016', '1809674320@qq.com', '网络工程',
        1603, '15801962944', 0, '2020-03-31 08:13:12', 0, 0),
       ('3168906330', '3168906330', '123456', '秦环', 2, '重庆邮电大学', '2016', '1809674320@qq.com', '网络工程', 1603,
        '13801707235', 1, '2020-03-31 08:13:12', 0, 0),
       ('3168906331', '3168906331', '123456', '韩松善', 2, '重庆邮电大学', '2016', '1809674320@qq.com', '网络工程',
        1603, '13700817774', 0, '2020-03-31 08:13:12', 0, 0),
       ('3168906332', '3168906332', '123456', '梁毅', 2, '重庆邮电大学', '2016', '1809674320@qq.com', '网络工程', 1603,
        '15900222062', 1, '2020-03-31 08:13:12', 0, 0),
       ('3168906333', '3168906333', '123456', '戚彩', 2, '重庆邮电大学', '2016', '1809674320@qq.com', '网络工程', 1603,
        '15907076929', 1, '2020-03-31 08:13:13', 0, 0),
       ('3168906334', '3168906334', '123456', '狄轮翰', 2, '重庆邮电大学', '2016', '1809674320@qq.com', '网络工程',
        1603, '15902474750', 1, '2020-03-31 08:13:13', 0, 0),
       ('3168906335', '3168906335', '123456', '张文', 2, '重庆邮电大学', '2016', '1809674320@qq.com', '网络工程', 1603,
        '15103088877', 0, '2020-03-31 08:13:13', 0, 0),
       ('3168906336', '3168906336', '123456', '阮辰', 2, '重庆邮电大学', '2016', '1809674320@qq.com', '网络工程', 1603,
        '13000741348', 0, '2020-03-31 08:13:13', 0, 0),
       ('3168906337', '3168906337', '123456', '戴启', 2, '重庆邮电大学', '2016', '1809674320@qq.com', '网络工程', 1603,
        '15004066163', 1, '2020-03-31 08:13:13', 0, 0),
       ('3168906338', '3168906338', '123456', '纪功', 2, '重庆邮电大学', '2016', '1809674320@qq.com', '网络工程', 1603,
        '15304254571', 0, '2020-03-31 08:13:13', 0, 0),
       ('3168906339', '3168906339', '123456', '柏震', 2, '重庆邮电大学', '2016', '1809674320@qq.com', '网络工程', 1603,
        '13802224790', 0, '2020-03-31 08:13:13', 0, 0),
       ('3168906340', '3168906340', '123456', '朱茂进', 2, '重庆邮电大学', '2016', '1809674320@qq.com', '网络工程',
        1603, '13507831784', 1, '2020-03-31 08:13:13', 0, 0),
       ('3168907101', '3168907101', '123456', '宋岩中', 2, '重庆邮电大学', '2016', '1809674320@qq.com', '工程造价',
        1601, '15108116728', 0, '2020-03-31 08:14:46', 0, 0),
       ('3168907102', '3168907102', '123456', '舒雁蓓', 2, '重庆邮电大学', '2016', '1809674320@qq.com', '工程造价',
        1601, '13200681455', 0, '2020-03-31 08:14:46', 0, 0),
       ('3168907103', '3168907103', '123456', '赵承乐', 2, '重庆邮电大学', '2016', '1809674320@qq.com', '工程造价',
        1601, '13404124307', 0, '2020-03-31 08:14:46', 0, 0),
       ('3168907104', '3168907104', '123456', '卫军', 2, '重庆邮电大学', '2016', '1809674320@qq.com', '工程造价', 1601,
        '13705644996', 1, '2020-03-31 08:14:46', 0, 0),
       ('3168907105', '3168907105', '123456', '汤锦黛', 2, '重庆邮电大学', '2016', '1809674320@qq.com', '工程造价',
        1601, '13505578250', 1, '2020-03-31 08:14:46', 0, 0),
       ('3168907106', '3168907106', '123456', '倪裕', 2, '重庆邮电大学', '2016', '1809674320@qq.com', '工程造价', 1601,
        '13201591571', 0, '2020-03-31 08:14:46', 0, 0),
       ('3168907107', '3168907107', '123456', '严霭', 2, '重庆邮电大学', '2016', '1809674320@qq.com', '工程造价', 1601,
        '15005848731', 0, '2020-03-31 08:14:46', 0, 0),
       ('3168907108', '3168907108', '123456', '韩士以', 2, '重庆邮电大学', '2016', '1809674320@qq.com', '工程造价',
        1601, '15106058466', 0, '2020-03-31 08:14:47', 0, 0),
       ('3168907109', '3168907109', '123456', '姚之', 2, '重庆邮电大学', '2016', '1809674320@qq.com', '工程造价', 1601,
        '13602011127', 1, '2020-03-31 08:14:47', 0, 0),
       ('3168907110', '3168907110', '123456', '方思', 2, '重庆邮电大学', '2016', '1809674320@qq.com', '工程造价', 1601,
        '13600614939', 0, '2020-03-31 08:14:47', 0, 0),
       ('3168907111', '3168907111', '123456', '纪洁梅', 2, '重庆邮电大学', '2016', '1809674320@qq.com', '工程造价',
        1601, '13308227892', 1, '2020-03-31 08:14:47', 0, 0),
       ('3168907112', '3168907112', '123456', '元勤', 2, '重庆邮电大学', '2016', '1809674320@qq.com', '工程造价', 1601,
        '13104211910', 0, '2020-03-31 08:14:47', 0, 0),
       ('3168907113', '3168907113', '123456', '卞时', 2, '重庆邮电大学', '2016', '1809674320@qq.com', '工程造价', 1601,
        '15100535297', 0, '2020-03-31 08:14:47', 0, 0),
       ('3168907114', '3168907114', '123456', '平心邦', 2, '重庆邮电大学', '2016', '1809674320@qq.com', '工程造价',
        1601, '15702721844', 0, '2020-03-31 08:14:47', 0, 0),
       ('3168907115', '3168907115', '123456', '郝俊峰', 2, '重庆邮电大学', '2016', '1809674320@qq.com', '工程造价',
        1601, '13800035977', 1, '2020-03-31 08:14:47', 0, 0),
       ('3168907116', '3168907116', '123456', '皮淑', 2, '重庆邮电大学', '2016', '1809674320@qq.com', '工程造价', 1601,
        '15003018519', 1, '2020-03-31 08:14:47', 0, 0),
       ('3168907117', '3168907117', '123456', '褚哲', 2, '重庆邮电大学', '2016', '1809674320@qq.com', '工程造价', 1601,
        '15003394474', 1, '2020-03-31 08:14:47', 0, 0),
       ('3168907118', '3168907118', '123456', '张健世', 2, '重庆邮电大学', '2016', '1809674320@qq.com', '工程造价',
        1601, '15103750458', 0, '2020-03-31 08:14:47', 0, 0),
       ('3168907119', '3168907119', '123456', '雷倩', 2, '重庆邮电大学', '2016', '1809674320@qq.com', '工程造价', 1601,
        '13802892218', 1, '2020-03-31 08:14:47', 0, 0),
       ('3168907120', '3168907120', '123456', '沈坚和', 2, '重庆邮电大学', '2016', '1809674320@qq.com', '工程造价',
        1601, '13801832013', 0, '2020-03-31 08:14:48', 0, 0),
       ('3168907121', '3168907121', '123456', '姚言', 2, '重庆邮电大学', '2016', '1809674320@qq.com', '工程造价', 1601,
        '15500196960', 1, '2020-03-31 08:14:48', 0, 0),
       ('3168907122', '3168907122', '123456', '云以', 2, '重庆邮电大学', '2016', '1809674320@qq.com', '工程造价', 1601,
        '15105657610', 0, '2020-03-31 08:14:48', 0, 0),
       ('3168907123', '3168907123', '123456', '华强军', 2, '重庆邮电大学', '2016', '1809674320@qq.com', '工程造价',
        1601, '15206175428', 0, '2020-03-31 08:14:48', 0, 0),
       ('3168907124', '3168907124', '123456', '吕彬', 2, '重庆邮电大学', '2016', '1809674320@qq.com', '工程造价', 1601,
        '13406662810', 0, '2020-03-31 08:14:48', 0, 0),
       ('3168907125', '3168907125', '123456', '贺晶妍', 2, '重庆邮电大学', '2016', '1809674320@qq.com', '工程造价',
        1601, '13000180040', 0, '2020-03-31 08:14:48', 0, 0),
       ('3168907126', '3168907126', '123456', '卞茂进', 2, '重庆邮电大学', '2016', '1809674320@qq.com', '工程造价',
        1601, '13604495928', 1, '2020-03-31 08:14:48', 0, 0),
       ('3168907127', '3168907127', '123456', '舒克伦', 2, '重庆邮电大学', '2016', '1809674320@qq.com', '工程造价',
        1601, '13707857927', 0, '2020-03-31 08:14:48', 0, 0),
       ('3168907128', '3168907128', '123456', '阮卿', 2, '重庆邮电大学', '2016', '1809674320@qq.com', '工程造价', 1601,
        '15201670043', 0, '2020-03-31 08:14:48', 0, 0),
       ('3168907129', '3168907129', '123456', '阮辉力', 2, '重庆邮电大学', '2016', '1809674320@qq.com', '工程造价',
        1601, '15901637482', 1, '2020-03-31 08:14:48', 0, 0),
       ('3168907130', '3168907130', '123456', '苏裕', 2, '重庆邮电大学', '2016', '1809674320@qq.com', '工程造价', 1601,
        '13900170960', 0, '2020-03-31 08:14:48', 0, 0),
       ('3168907201', '3168907201', '123456', '殷茜秋', 2, '重庆邮电大学', '2016', '1809674320@qq.com', '工程造价',
        1602, '15505470052', 0, '2020-03-31 08:18:06', 0, 0),
       ('3168907202', '3168907202', '123456', '罗飘育', 2, '重庆邮电大学', '2016', '1809674320@qq.com', '工程造价',
        1602, '13400092727', 0, '2020-03-31 08:18:07', 0, 0),
       ('3168907203', '3168907203', '123456', '沈梅', 2, '重庆邮电大学', '2016', '1809674320@qq.com', '工程造价', 1602,
        '13306322232', 0, '2020-03-31 08:18:07', 0, 0),
       ('3168907204', '3168907204', '123456', '廉友裕', 2, '重庆邮电大学', '2016', '1809674320@qq.com', '工程造价',
        1602, '13600362811', 1, '2020-03-31 08:18:07', 0, 0),
       ('3168907205', '3168907205', '123456', '葛亮', 2, '重庆邮电大学', '2016', '1809674320@qq.com', '工程造价', 1602,
        '13607398376', 0, '2020-03-31 08:18:07', 0, 0),
       ('3168907206', '3168907206', '123456', '尹有', 2, '重庆邮电大学', '2016', '1809674320@qq.com', '工程造价', 1602,
        '15305282849', 0, '2020-03-31 08:18:07', 0, 0),
       ('3168907207', '3168907207', '123456', '俞凤', 2, '重庆邮电大学', '2016', '1809674320@qq.com', '工程造价', 1602,
        '13401005604', 1, '2020-03-31 08:18:07', 0, 0),
       ('3168907208', '3168907208', '123456', '方栋', 2, '重庆邮电大学', '2016', '1809674320@qq.com', '工程造价', 1602,
        '13202328164', 1, '2020-03-31 08:18:07', 0, 0),
       ('3168907209', '3168907209', '123456', '郝厚庆', 2, '重庆邮电大学', '2016', '1809674320@qq.com', '工程造价',
        1602, '13700452892', 0, '2020-03-31 08:18:07', 0, 0),
       ('3168907210', '3168907210', '123456', '严敬震', 2, '重庆邮电大学', '2016', '1809674320@qq.com', '工程造价',
        1602, '15604727823', 1, '2020-03-31 08:18:07', 0, 0),
       ('3168907211', '3168907211', '123456', '陶健世', 2, '重庆邮电大学', '2016', '1809674320@qq.com', '工程造价',
        1602, '13003584437', 0, '2020-03-31 08:18:08', 0, 0),
       ('3168907212', '3168907212', '123456', '雷安', 2, '重庆邮电大学', '2016', '1809674320@qq.com', '工程造价', 1602,
        '13905287674', 0, '2020-03-31 08:18:08', 0, 0),
       ('3168907213', '3168907213', '123456', '曹克伦', 2, '重庆邮电大学', '2016', '1809674320@qq.com', '工程造价',
        1602, '13505481091', 0, '2020-03-31 08:18:08', 0, 0),
       ('3168907214', '3168907214', '123456', '史毅', 2, '重庆邮电大学', '2016', '1809674320@qq.com', '工程造价', 1602,
        '13004590872', 1, '2020-03-31 08:18:08', 0, 0),
       ('3168907215', '3168907215', '123456', '梁磊民', 2, '重庆邮电大学', '2016', '1809674320@qq.com', '工程造价',
        1602, '13002041064', 0, '2020-03-31 08:18:08', 0, 0),
       ('3168907216', '3168907216', '123456', '明元全', 2, '重庆邮电大学', '2016', '1809674320@qq.com', '工程造价',
        1602, '15303852449', 1, '2020-03-31 08:18:08', 0, 0),
       ('3168907217', '3168907217', '123456', '孟茂进', 2, '重庆邮电大学', '2016', '1809674320@qq.com', '工程造价',
        1602, '13304210187', 0, '2020-03-31 08:18:08', 0, 0),
       ('3168907218', '3168907218', '123456', '湛婉娴', 2, '重庆邮电大学', '2016', '1809674320@qq.com', '工程造价',
        1602, '13100121018', 0, '2020-03-31 08:18:08', 0, 0),
       ('3168907219', '3168907219', '123456', '孔妹', 2, '重庆邮电大学', '2016', '1809674320@qq.com', '工程造价', 1602,
        '15208575211', 1, '2020-03-31 08:18:08', 0, 0),
       ('3168907220', '3168907220', '123456', '皮涛', 2, '重庆邮电大学', '2016', '1809674320@qq.com', '工程造价', 1602,
        '13404370683', 0, '2020-03-31 08:18:08', 0, 0),
       ('3168907221', '3168907221', '123456', '孟萍红', 2, '重庆邮电大学', '2016', '1809674320@qq.com', '工程造价',
        1602, '13800576628', 0, '2020-03-31 08:18:08', 0, 0),
       ('3168907222', '3168907222', '123456', '戚亨奇', 2, '重庆邮电大学', '2016', '1809674320@qq.com', '工程造价',
        1602, '15301082128', 0, '2020-03-31 08:18:08', 0, 0),
       ('3168907223', '3168907223', '123456', '姚洁梅', 2, '重庆邮电大学', '2016', '1809674320@qq.com', '工程造价',
        1602, '13901175551', 1, '2020-03-31 08:18:08', 0, 0),
       ('3168907224', '3168907224', '123456', '鲍云莲', 2, '重庆邮电大学', '2016', '1809674320@qq.com', '工程造价',
        1602, '13807734835', 0, '2020-03-31 08:18:08', 0, 0),
       ('3168907225', '3168907225', '123456', '穆贵福', 2, '重庆邮电大学', '2016', '1809674320@qq.com', '工程造价',
        1602, '15504494364', 0, '2020-03-31 08:18:09', 0, 0),
       ('3168907226', '3168907226', '123456', '俞炎德', 2, '重庆邮电大学', '2016', '1809674320@qq.com', '工程造价',
        1602, '15706221579', 0, '2020-03-31 08:18:09', 0, 0),
       ('3168907227', '3168907227', '123456', '严强军', 2, '重庆邮电大学', '2016', '1809674320@qq.com', '工程造价',
        1602, '13005341016', 0, '2020-03-31 08:18:09', 0, 0),
       ('3168907228', '3168907228', '123456', '喻厚庆', 2, '重庆邮电大学', '2016', '1809674320@qq.com', '工程造价',
        1602, '15005760370', 0, '2020-03-31 08:18:09', 0, 0),
       ('3168907229', '3168907229', '123456', '祁天', 2, '重庆邮电大学', '2016', '1809674320@qq.com', '工程造价', 1602,
        '15800958873', 0, '2020-03-31 08:18:09', 0, 0),
       ('3168907230', '3168907230', '123456', '薛胜', 2, '重庆邮电大学', '2016', '1809674320@qq.com', '工程造价', 1602,
        '13803442201', 0, '2020-03-31 08:18:09', 0, 0),
       ('3168908101', '3168908101', '123456', '秦辰', 2, '重庆邮电大学', '2016', '1809674320@qq.com', '会计学', 1601,
        '13408726118', 0, '2020-03-31 08:18:53', 0, 0),
       ('3168908102', '3168908102', '123456', '苏寒', 2, '重庆邮电大学', '2016', '1809674320@qq.com', '会计学', 1601,
        '13006626404', 0, '2020-03-31 08:18:53', 0, 0),
       ('3168908103', '3168908103', '123456', '平红', 2, '重庆邮电大学', '2016', '1809674320@qq.com', '会计学', 1601,
        '15004750137', 0, '2020-03-31 08:18:53', 0, 0),
       ('3168908104', '3168908104', '123456', '平柔', 2, '重庆邮电大学', '2016', '1809674320@qq.com', '会计学', 1601,
        '15004742284', 0, '2020-03-31 08:18:53', 0, 0),
       ('3168908105', '3168908105', '123456', '彭群豪', 2, '重庆邮电大学', '2016', '1809674320@qq.com', '会计学', 1601,
        '13007873005', 0, '2020-03-31 08:18:53', 0, 0),
       ('3168908106', '3168908106', '123456', '赵思', 2, '重庆邮电大学', '2016', '1809674320@qq.com', '会计学', 1601,
        '15500010856', 0, '2020-03-31 08:18:53', 0, 0),
       ('3168908107', '3168908107', '123456', '郑亚', 2, '重庆邮电大学', '2016', '1809674320@qq.com', '会计学', 1601,
        '13805853659', 1, '2020-03-31 08:18:53', 0, 0),
       ('3168908108', '3168908108', '123456', '章强军', 2, '重庆邮电大学', '2016', '1809674320@qq.com', '会计学', 1601,
        '15802978597', 1, '2020-03-31 08:18:53', 0, 0),
       ('3168908109', '3168908109', '123456', '苗梅', 2, '重庆邮电大学', '2016', '1809674320@qq.com', '会计学', 1601,
        '13100052708', 0, '2020-03-31 08:18:53', 0, 0),
       ('3168908110', '3168908110', '123456', '卜若鸣', 2, '重庆邮电大学', '2016', '1809674320@qq.com', '会计学', 1601,
        '13504425523', 0, '2020-03-31 08:18:53', 0, 0),
       ('3168908111', '3168908111', '123456', '鲍融', 2, '重庆邮电大学', '2016', '1809674320@qq.com', '会计学', 1601,
        '13506468489', 0, '2020-03-31 08:18:53', 0, 0),
       ('3168908112', '3168908112', '123456', '何兰凤', 2, '重庆邮电大学', '2016', '1809674320@qq.com', '会计学', 1601,
        '15007185597', 1, '2020-03-31 08:18:53', 0, 0),
       ('3168908113', '3168908113', '123456', '成裕', 2, '重庆邮电大学', '2016', '1809674320@qq.com', '会计学', 1601,
        '15002478671', 0, '2020-03-31 08:18:54', 0, 0),
       ('3168908114', '3168908114', '123456', '于君琴', 2, '重庆邮电大学', '2016', '1809674320@qq.com', '会计学', 1601,
        '13500071397', 0, '2020-03-31 08:18:54', 0, 0),
       ('3168908115', '3168908115', '123456', '宋翔旭', 2, '重庆邮电大学', '2016', '1809674320@qq.com', '会计学', 1601,
        '13100384604', 0, '2020-03-31 08:18:54', 0, 0),
       ('3168908116', '3168908116', '123456', '姚娜', 2, '重庆邮电大学', '2016', '1809674320@qq.com', '会计学', 1601,
        '15704244011', 0, '2020-03-31 08:18:54', 0, 0),
       ('3168908117', '3168908117', '123456', '祁晶妍', 2, '重庆邮电大学', '2016', '1809674320@qq.com', '会计学', 1601,
        '15506718014', 0, '2020-03-31 08:18:54', 0, 0),
       ('3168908118', '3168908118', '123456', '吴娟', 2, '重庆邮电大学', '2016', '1809674320@qq.com', '会计学', 1601,
        '13307725743', 0, '2020-03-31 08:18:54', 0, 0),
       ('3168908119', '3168908119', '123456', '任士以', 2, '重庆邮电大学', '2016', '1809674320@qq.com', '会计学', 1601,
        '15000075200', 1, '2020-03-31 08:18:54', 0, 0),
       ('3168908120', '3168908120', '123456', '席真环', 2, '重庆邮电大学', '2016', '1809674320@qq.com', '会计学', 1601,
        '15900467952', 0, '2020-03-31 08:18:54', 0, 0),
       ('3168908121', '3168908121', '123456', '湛瑶', 2, '重庆邮电大学', '2016', '1809674320@qq.com', '会计学', 1601,
        '13201541499', 0, '2020-03-31 08:18:54', 0, 0),
       ('3168908122', '3168908122', '123456', '彭胜', 2, '重庆邮电大学', '2016', '1809674320@qq.com', '会计学', 1601,
        '13907484315', 0, '2020-03-31 08:18:54', 0, 0),
       ('3168908123', '3168908123', '123456', '彭博', 2, '重庆邮电大学', '2016', '1809674320@qq.com', '会计学', 1601,
        '15300914321', 0, '2020-03-31 08:18:55', 0, 0),
       ('3168908124', '3168908124', '123456', '滕心邦', 2, '重庆邮电大学', '2016', '1809674320@qq.com', '会计学', 1601,
        '13204761141', 0, '2020-03-31 08:18:55', 0, 0),
       ('3168908125', '3168908125', '123456', '毛仪', 2, '重庆邮电大学', '2016', '1809674320@qq.com', '会计学', 1601,
        '15502465623', 0, '2020-03-31 08:18:55', 0, 0),
       ('3168908126', '3168908126', '123456', '喻生龙', 2, '重庆邮电大学', '2016', '1809674320@qq.com', '会计学', 1601,
        '15706998422', 0, '2020-03-31 08:18:55', 0, 0),
       ('3168908127', '3168908127', '123456', '汪健世', 2, '重庆邮电大学', '2016', '1809674320@qq.com', '会计学', 1601,
        '15300281736', 1, '2020-03-31 08:18:55', 0, 0),
       ('3168908128', '3168908128', '123456', '酆康星', 2, '重庆邮电大学', '2016', '1809674320@qq.com', '会计学', 1601,
        '13907493203', 0, '2020-03-31 08:18:55', 0, 0),
       ('3168908129', '3168908129', '123456', '范福', 2, '重庆邮电大学', '2016', '1809674320@qq.com', '会计学', 1601,
        '13006963789', 0, '2020-03-31 08:18:55', 0, 0),
       ('3168908130', '3168908130', '123456', '毕娟', 2, '重庆邮电大学', '2016', '1809674320@qq.com', '会计学', 1601,
        '13805495016', 0, '2020-03-31 08:18:55', 0, 0),
       ('3168909101', '3168909101', '123456', '郑云莲', 2, '重庆邮电大学', '2016', '1809674320@qq.com', '环境工程',
        1601, '13508131199', 0, '2020-03-31 08:19:26', 0, 0),
       ('3168909102', '3168909102', '123456', '和壮', 2, '重庆邮电大学', '2016', '1809674320@qq.com', '环境工程', 1601,
        '13201104008', 1, '2020-03-31 08:19:26', 0, 0),
       ('3168909103', '3168909103', '123456', '陈娜', 2, '重庆邮电大学', '2016', '1809674320@qq.com', '环境工程', 1601,
        '15003709063', 1, '2020-03-31 08:19:26', 0, 0),
       ('3168909104', '3168909104', '123456', '元德', 2, '重庆邮电大学', '2016', '1809674320@qq.com', '环境工程', 1601,
        '13502894821', 0, '2020-03-31 08:19:26', 0, 0),
       ('3168909105', '3168909105', '123456', '齐江超', 2, '重庆邮电大学', '2016', '1809674320@qq.com', '环境工程',
        1601, '15301850413', 0, '2020-03-31 08:19:26', 0, 0),
       ('3168909106', '3168909106', '123456', '纪艳', 2, '重庆邮电大学', '2016', '1809674320@qq.com', '环境工程', 1601,
        '15007214278', 1, '2020-03-31 08:19:26', 0, 0),
       ('3168909107', '3168909107', '123456', '毕楠榕', 2, '重庆邮电大学', '2016', '1809674320@qq.com', '环境工程',
        1601, '15508767430', 0, '2020-03-31 08:19:26', 0, 0),
       ('3168909108', '3168909108', '123456', '毛蓉眉', 2, '重庆邮电大学', '2016', '1809674320@qq.com', '环境工程',
        1601, '15108688029', 0, '2020-03-31 08:19:26', 0, 0),
       ('3168909109', '3168909109', '123456', '郎时', 2, '重庆邮电大学', '2016', '1809674320@qq.com', '环境工程', 1601,
        '13007282958', 0, '2020-03-31 08:19:26', 0, 0),
       ('3168909110', '3168909110', '123456', '顾庆', 2, '重庆邮电大学', '2016', '1809674320@qq.com', '环境工程', 1601,
        '15805940129', 1, '2020-03-31 08:19:27', 0, 0),
       ('3168909111', '3168909111', '123456', '毛奇', 2, '重庆邮电大学', '2016', '1809674320@qq.com', '环境工程', 1601,
        '15703356148', 1, '2020-03-31 08:19:27', 0, 0),
       ('3168909112', '3168909112', '123456', '庞言', 2, '重庆邮电大学', '2016', '1809674320@qq.com', '环境工程', 1601,
        '13306870002', 1, '2020-03-31 08:19:27', 0, 0),
       ('3168909113', '3168909113', '123456', '罗策腾', 2, '重庆邮电大学', '2016', '1809674320@qq.com', '环境工程',
        1601, '13207970791', 0, '2020-03-31 08:19:27', 0, 0),
       ('3168909114', '3168909114', '123456', '秦榕', 2, '重庆邮电大学', '2016', '1809674320@qq.com', '环境工程', 1601,
        '15706105132', 0, '2020-03-31 08:19:27', 0, 0),
       ('3168909115', '3168909115', '123456', '孟民', 2, '重庆邮电大学', '2016', '1809674320@qq.com', '环境工程', 1601,
        '13804661628', 0, '2020-03-31 08:19:27', 0, 0),
       ('3168909116', '3168909116', '123456', '云建家', 2, '重庆邮电大学', '2016', '1809674320@qq.com', '环境工程',
        1601, '13005174820', 0, '2020-03-31 08:19:27', 0, 0),
       ('3168909117', '3168909117', '123456', '姜军', 2, '重庆邮电大学', '2016', '1809674320@qq.com', '环境工程', 1601,
        '15704477681', 0, '2020-03-31 08:19:27', 0, 0),
       ('3168909118', '3168909118', '123456', '齐浩亮', 2, '重庆邮电大学', '2016', '1809674320@qq.com', '环境工程',
        1601, '13008228882', 0, '2020-03-31 08:19:27', 0, 0),
       ('3168909119', '3168909119', '123456', '董健世', 2, '重庆邮电大学', '2016', '1809674320@qq.com', '环境工程',
        1601, '15600796565', 1, '2020-03-31 08:19:27', 0, 0),
       ('3168909120', '3168909120', '123456', '云鹏泽', 2, '重庆邮电大学', '2016', '1809674320@qq.com', '环境工程',
        1601, '15701030384', 0, '2020-03-31 08:19:27', 0, 0),
       ('3168909121', '3168909121', '123456', '梁鸣', 2, '重庆邮电大学', '2016', '1809674320@qq.com', '环境工程', 1601,
        '13007401889', 0, '2020-03-31 08:19:28', 0, 0),
       ('3168909122', '3168909122', '123456', '伍固之', 2, '重庆邮电大学', '2016', '1809674320@qq.com', '环境工程',
        1601, '15004802706', 1, '2020-03-31 08:19:28', 0, 0),
       ('3168909123', '3168909123', '123456', '戴翰', 2, '重庆邮电大学', '2016', '1809674320@qq.com', '环境工程', 1601,
        '15601550653', 0, '2020-03-31 08:19:28', 0, 0),
       ('3168909124', '3168909124', '123456', '孙松善', 2, '重庆邮电大学', '2016', '1809674320@qq.com', '环境工程',
        1601, '13306801848', 0, '2020-03-31 08:19:28', 0, 0),
       ('3168909125', '3168909125', '123456', '戚祥', 2, '重庆邮电大学', '2016', '1809674320@qq.com', '环境工程', 1601,
        '15100350867', 1, '2020-03-31 08:19:28', 0, 0),
       ('3168909126', '3168909126', '123456', '余顺', 2, '重庆邮电大学', '2016', '1809674320@qq.com', '环境工程', 1601,
        '15607924859', 0, '2020-03-31 08:19:28', 0, 0),
       ('3168909127', '3168909127', '123456', '华琰', 2, '重庆邮电大学', '2016', '1809674320@qq.com', '环境工程', 1601,
        '15003226614', 0, '2020-03-31 08:19:28', 0, 0),
       ('3168909128', '3168909128', '123456', '钱若鸣', 2, '重庆邮电大学', '2016', '1809674320@qq.com', '环境工程',
        1601, '15504366173', 0, '2020-03-31 08:19:29', 0, 0),
       ('3168909129', '3168909129', '123456', '常宁欣', 2, '重庆邮电大学', '2016', '1809674320@qq.com', '环境工程',
        1601, '15801144873', 0, '2020-03-31 08:19:29', 0, 0),
       ('3168909130', '3168909130', '123456', '成炎德', 2, '重庆邮电大学', '2016', '1809674320@qq.com', '环境工程',
        1601, '13206864683', 0, '2020-03-31 08:19:29', 0, 0),
       ('3248903401', '3248903401', '123456', 'tetszrt11111111', 2, '重庆邮电大学', '2024', '1809674320@qq.com',
        '计算机', 1234, '15823842638', 0, '2024-03-29 10:51:57', 1, 0),
       ('3248903701', '3248903701', '123456', '23421', 2, '重庆邮电大学', '2024', '1809674320@qq.com', '计算机', 2017,
        '15452849224', 0, '2024-03-29 11:02:47', 1, 0),
       ('3248903702', '3248903702', '123456', '放哪手动阀', 2, '重庆邮电大学', '2024', '180@qq.com', '计算机', 2017,
        '124323442', 0, '2024-03-29 11:17:26', 1, 0);
/*!40000 ALTER TABLE `student`
    ENABLE KEYS */;
UNLOCK TABLES;

--
-- Table structure for table `student_course`
--

DROP TABLE IF EXISTS `student_course`;
/*!40101 SET @saved_cs_client = @@character_set_client */;
/*!50503 SET character_set_client = utf8mb4 */;
CREATE TABLE `student_course`
(
    `id`         int(11)       NOT NULL AUTO_INCREMENT,
    `student_id` varchar(255)  NOT NULL,
    `course_id`  varchar(255)  NOT NULL,
    `name`       varchar(255)  NOT NULL,
    `score`      varchar(11)   NOT NULL,
    `point`      decimal(4, 2) NOT NULL,
    `credits`    decimal(4, 2) NOT NULL,
    `term`       tinyint(4)    NOT NULL,
    `year`       int(11)       NOT NULL,
    `is_del`     int(11)       NOT NULL DEFAULT '0',
    `version`    int(11)       NOT NULL DEFAULT '0',
    PRIMARY KEY (`id`) USING BTREE
) ENGINE = InnoDB
  AUTO_INCREMENT = 475
  DEFAULT CHARSET = utf8mb4
  ROW_FORMAT = DYNAMIC;

--
-- Dumping data for table `student_course`
--

LOCK TABLES `student_course` WRITE;
/*!40000 ALTER TABLE `student_course`
    DISABLE KEYS */;
INSERT INTO `student_course`
VALUES (1, '3168901101', '2016011001', '数字电路基础', '75', 3.75, 4.00, 1, 2016, 0, 2),
       (2, '3168901102', '2016011001', '数字电路基础', '76', 3.80, 4.00, 1, 2016, 0, 1),
       (3, '3168901103', '2016011001', '数字电路基础', '76', 2.60, 4.00, 1, 2016, 0, 0),
       (4, '3168901104', '2016011001', '数字电路基础', '78', 2.80, 4.00, 1, 2016, 0, 0),
       (5, '3168901105', '2016011001', '数字电路基础', '76', 2.60, 4.00, 1, 2016, 0, 0),
       (6, '3168901106', '2016011001', '数字电路基础', '98', 4.80, 4.00, 1, 2016, 0, 0),
       (7, '3168901107', '2016011001', '数字电路基础', '76', 2.60, 4.00, 1, 2016, 0, 0),
       (8, '3168901108', '2016011001', '数字电路基础', '55', 0.00, 0.00, 1, 2016, 0, 0),
       (9, '3168901109', '2016011001', '数字电路基础', '67', 1.70, 4.00, 1, 2016, 0, 0),
       (10, '3168901110', '2016011001', '数字电路基础', '76', 2.60, 4.00, 1, 2016, 0, 0),
       (11, '3168901111', '2016011001', '数字电路基础', '32', 0.00, 0.00, 1, 2016, 0, 0),
       (12, '3168901112', '2016011001', '数字电路基础', '43', 0.00, 0.00, 1, 2016, 0, 0),
       (13, '3168901113', '2016011001', '数字电路基础', '100', 5.00, 4.00, 1, 2016, 0, 0),
       (14, '3168901114', '2016011001', '数字电路基础', '100', 5.00, 4.00, 1, 2016, 0, 0),
       (15, '3168901115', '2016011001', '数字电路基础', '23', 0.00, 0.00, 1, 2016, 0, 0),
       (16, '3168901116', '2016011001', '数字电路基础', '54', 0.00, 0.00, 1, 2016, 0, 0),
       (17, '3168901117', '2016011001', '数字电路基础', '64', 1.40, 4.00, 1, 2016, 0, 0),
       (18, '3168901118', '2016011001', '数字电路基础', '54', 0.00, 0.00, 1, 2016, 0, 0),
       (19, '3168901119', '2016011001', '数字电路基础', '34', 0.00, 0.00, 1, 2016, 0, 0),
       (20, '3168901120', '2016011001', '数字电路基础', '54', 0.00, 0.00, 1, 2016, 0, 0),
       (21, '3168901121', '2016011001', '数字电路基础', '54', 0.00, 0.00, 1, 2016, 0, 0),
       (22, '3168901122', '2016011001', '数字电路基础', '34', 0.00, 0.00, 1, 2016, 0, 0),
       (23, '3168901123', '2016011001', '数字电路基础', '54', 0.00, 0.00, 1, 2016, 0, 0),
       (24, '3168901124', '2016011001', '数字电路基础', '34', 0.00, 0.00, 1, 2016, 0, 0),
       (25, '3168901125', '2016011001', '数字电路基础', '100', 5.00, 4.00, 1, 2016, 0, 0),
       (26, '3168901126', '2016011001', '数字电路基础', '75', 2.50, 4.00, 1, 2016, 0, 0),
       (27, '3168901127', '2016011001', '数字电路基础', '76', 2.60, 4.00, 1, 2016, 0, 0),
       (28, '3168901128', '2016011001', '数字电路基础', '54', 0.00, 0.00, 1, 2016, 0, 0),
       (29, '3168901129', '2016011001', '数字电路基础', '65', 1.50, 4.00, 1, 2016, 0, 0),
       (30, '3168901130', '2016011001', '数字电路基础', '76', 2.60, 4.00, 1, 2016, 0, 0),
       (31, '3168901131', '2016011001', '数字电路基础', '100', 5.00, 4.00, 1, 2016, 0, 0),
       (32, '3168901132', '2016011001', '数字电路基础', '65', 1.50, 4.00, 1, 2016, 0, 0),
       (33, '3168901133', '2016011001', '数字电路基础', '65', 1.50, 4.00, 1, 2016, 0, 0),
       (34, '3168901134', '2016011001', '数字电路基础', '45', 0.00, 0.00, 1, 2016, 0, 0),
       (35, '3168901135', '2016011001', '数字电路基础', '76', 2.60, 4.00, 1, 2016, 0, 0),
       (36, '3168901136', '2016011001', '数字电路基础', '56', 0.00, 0.00, 1, 2016, 0, 0),
       (37, '3168901137', '2016011001', '数字电路基础', '76', 2.60, 4.00, 1, 2016, 0, 0),
       (38, '3168901138', '2016011001', '数字电路基础', '54', 0.00, 0.00, 1, 2016, 0, 0),
       (39, '3168901139', '2016011001', '数字电路基础', '76', 2.60, 4.00, 1, 2016, 0, 0),
       (40, '3168901140', '2016011001', '数字电路基础', '54', 0.00, 0.00, 1, 2016, 0, 0),
       (41, '3168901141', '2016011001', '数字电路基础', '100', 5.00, 4.00, 1, 2016, 0, 0),
       (42, '3168901142', '2016011001', '数字电路基础', '54', 0.00, 0.00, 1, 2016, 0, 0),
       (43, '3168901143', '2016011001', '数字电路基础', '100', 5.00, 4.00, 1, 2016, 0, 0),
       (44, '3168901144', '2016011001', '数字电路基础', '100', 5.00, 4.00, 1, 2016, 0, 0),
       (45, '3168901145', '2016011001', '数字电路基础', '65', 1.50, 4.00, 1, 2016, 0, 0),
       (46, '3168901146', '2016011001', '数字电路基础', '76', 2.60, 4.00, 1, 2016, 0, 0),
       (47, '3168901147', '2016011001', '数字电路基础', '100', 5.00, 4.00, 1, 2016, 0, 0),
       (48, '3168901148', '2016011001', '数字电路基础', '56', 0.00, 0.00, 1, 2016, 0, 0),
       (49, '3168901149', '2016011001', '数字电路基础', '76', 2.60, 4.00, 1, 2016, 0, 0),
       (50, '3168901150', '2016011001', '数字电路基础', '45', 0.00, 0.00, 1, 2016, 0, 0),
       (51, '3168901101', '2016011002', '大学物理', '65', 1.50, 4.00, 1, 2016, 0, 0),
       (52, '3168901102', '2016011002', '大学物理', '65', 1.50, 4.00, 1, 2016, 0, 0),
       (53, '3168901103', '2016011002', '大学物理', '76', 2.60, 4.00, 1, 2016, 0, 0),
       (54, '3168901104', '2016011002', '大学物理', '56', 0.00, 0.00, 1, 2016, 0, 0),
       (55, '3168901105', '2016011002', '大学物理', '76', 2.60, 4.00, 1, 2016, 0, 0),
       (56, '3168901106', '2016011002', '大学物理', '76', 2.60, 4.00, 1, 2016, 0, 0),
       (57, '3168901107', '2016011002', '大学物理', '87', 3.70, 4.00, 1, 2016, 0, 0),
       (58, '3168901108', '2016011002', '大学物理', '87', 3.70, 4.00, 1, 2016, 0, 0),
       (59, '3168901109', '2016011002', '大学物理', '76', 2.60, 4.00, 1, 2016, 0, 0),
       (60, '3168901110', '2016011002', '大学物理', '56', 0.00, 0.00, 1, 2016, 0, 0),
       (61, '3168901111', '2016011002', '大学物理', '100', 5.00, 4.00, 1, 2016, 0, 0),
       (62, '3168901112', '2016011002', '大学物理', '76', 2.60, 4.00, 1, 2016, 0, 0),
       (63, '3168901113', '2016011002', '大学物理', '100', 5.00, 4.00, 1, 2016, 0, 0),
       (64, '3168901114', '2016011002', '大学物理', '65', 1.50, 4.00, 1, 2016, 0, 0),
       (65, '3168901115', '2016011002', '大学物理', '100', 5.00, 4.00, 1, 2016, 0, 0),
       (66, '3168901116', '2016011002', '大学物理', '100', 5.00, 4.00, 1, 2016, 0, 0),
       (67, '3168901117', '2016011002', '大学物理', '67', 1.70, 4.00, 1, 2016, 0, 0),
       (68, '3168901118', '2016011002', '大学物理', '67', 1.70, 4.00, 1, 2016, 0, 0),
       (69, '3168901119', '2016011002', '大学物理', '56', 0.00, 0.00, 1, 2016, 0, 0),
       (70, '3168901120', '2016011002', '大学物理', '76', 2.60, 4.00, 1, 2016, 0, 0),
       (71, '3168901121', '2016011002', '大学物理', '34', 0.00, 0.00, 1, 2016, 0, 0),
       (72, '3168901122', '2016011002', '大学物理', '100', 5.00, 4.00, 1, 2016, 0, 0),
       (73, '3168901123', '2016011002', '大学物理', '100', 5.00, 4.00, 1, 2016, 0, 0),
       (74, '3168901124', '2016011002', '大学物理', '68', 1.80, 4.00, 1, 2016, 0, 0),
       (75, '3168901125', '2016011002', '大学物理', '78', 2.80, 4.00, 1, 2016, 0, 0),
       (76, '3168901126', '2016011002', '大学物理', '87', 3.70, 4.00, 1, 2016, 0, 0),
       (77, '3168901127', '2016011002', '大学物理', '76', 2.60, 4.00, 1, 2016, 0, 0),
       (78, '3168901128', '2016011002', '大学物理', '87', 3.70, 4.00, 1, 2016, 0, 0),
       (79, '3168901129', '2016011002', '大学物理', '97', 4.70, 4.00, 1, 2016, 0, 0),
       (80, '3168901130', '2016011002', '大学物理', '67', 1.70, 4.00, 1, 2016, 0, 0),
       (81, '3168901131', '2016011002', '大学物理', '76', 2.60, 4.00, 1, 2016, 0, 0),
       (82, '3168901132', '2016011002', '大学物理', '76', 2.60, 4.00, 1, 2016, 0, 0),
       (83, '3168901133', '2016011002', '大学物理', '65', 1.50, 4.00, 1, 2016, 0, 0),
       (84, '3168901134', '2016011002', '大学物理', '77', 2.70, 4.00, 1, 2016, 0, 0),
       (85, '3168901135', '2016011002', '大学物理', '98', 4.80, 4.00, 1, 2016, 0, 0),
       (86, '3168901136', '2016011002', '大学物理', '32', 0.00, 0.00, 1, 2016, 0, 0),
       (87, '3168901137', '2016011002', '大学物理', '54', 0.00, 0.00, 1, 2016, 0, 0),
       (88, '3168901138', '2016011002', '大学物理', '65', 1.50, 4.00, 1, 2016, 0, 0),
       (89, '3168901139', '2016011002', '大学物理', '76', 2.60, 4.00, 1, 2016, 0, 0),
       (90, '3168901140', '2016011002', '大学物理', '76', 2.60, 4.00, 1, 2016, 0, 0),
       (91, '3168901141', '2016011002', '大学物理', '65', 1.50, 4.00, 1, 2016, 0, 0),
       (92, '3168901142', '2016011002', '大学物理', '54', 0.00, 0.00, 1, 2016, 0, 0),
       (93, '3168901143', '2016011002', '大学物理', '76', 2.60, 4.00, 1, 2016, 0, 0),
       (94, '3168901144', '2016011002', '大学物理', '75', 2.50, 4.00, 1, 2016, 0, 0),
       (95, '3168901145', '2016011002', '大学物理', '65', 1.50, 4.00, 1, 2016, 0, 0),
       (96, '3168901146', '2016011002', '大学物理', '76', 2.60, 4.00, 1, 2016, 0, 0),
       (97, '3168901147', '2016011002', '大学物理', '87', 3.70, 4.00, 1, 2016, 0, 0),
       (98, '3168901148', '2016011002', '大学物理', '100', 5.00, 4.00, 1, 2016, 0, 0),
       (99, '3168901149', '2016011002', '大学物理', '45', 0.00, 0.00, 1, 2016, 0, 0),
       (100, '3168901150', '2016011002', '大学物理', '34', 0.00, 0.00, 1, 2016, 0, 0),
       (101, '3168901101', '2016011003', '线性代数', '23', 0.00, 0.00, 1, 2016, 0, 0),
       (102, '3168901102', '2016011003', '线性代数', '43', 0.00, 0.00, 1, 2016, 0, 0),
       (103, '3168901103', '2016011003', '线性代数', '54', 0.00, 0.00, 1, 2016, 0, 0),
       (104, '3168901104', '2016011003', '线性代数', '100', 5.00, 1.00, 1, 2016, 0, 0),
       (105, '3168901105', '2016011003', '线性代数', '100', 5.00, 1.00, 1, 2016, 0, 0),
       (106, '3168901106', '2016011003', '线性代数', '75', 2.50, 1.00, 1, 2016, 0, 0),
       (107, '3168901107', '2016011003', '线性代数', '100', 5.00, 1.00, 1, 2016, 0, 0),
       (108, '3168901108', '2016011003', '线性代数', '76', 2.60, 1.00, 1, 2016, 0, 0),
       (109, '3168901109', '2016011003', '线性代数', '54', 0.00, 0.00, 1, 2016, 0, 0),
       (110, '3168901110', '2016011003', '线性代数', '65', 1.50, 1.00, 1, 2016, 0, 0),
       (111, '3168901111', '2016011003', '线性代数', '67', 1.70, 1.00, 1, 2016, 0, 0),
       (112, '3168901112', '2016011003', '线性代数', '100', 5.00, 1.00, 1, 2016, 0, 0),
       (113, '3168901113', '2016011003', '线性代数', '65', 1.50, 1.00, 1, 2016, 0, 0),
       (114, '3168901114', '2016011003', '线性代数', '76', 2.60, 1.00, 1, 2016, 0, 0),
       (115, '3168901115', '2016011003', '线性代数', '87', 3.70, 1.00, 1, 2016, 0, 0),
       (116, '3168901116', '2016011003', '线性代数', '78', 2.80, 1.00, 1, 2016, 0, 0),
       (117, '3168901117', '2016011003', '线性代数', '55', 0.00, 0.00, 1, 2016, 0, 0),
       (118, '3168901118', '2016011003', '线性代数', '76', 2.60, 1.00, 1, 2016, 0, 0),
       (119, '3168901119', '2016011003', '线性代数', '65', 1.50, 1.00, 1, 2016, 0, 0),
       (120, '3168901120', '2016011003', '线性代数', '65', 1.50, 1.00, 1, 2016, 0, 0),
       (121, '3168901121', '2016011003', '线性代数', '65', 1.50, 1.00, 1, 2016, 0, 0),
       (122, '3168901122', '2016011003', '线性代数', '87', 3.70, 1.00, 1, 2016, 0, 0),
       (123, '3168901123', '2016011003', '线性代数', '56', 0.00, 0.00, 1, 2016, 0, 0),
       (124, '3168901124', '2016011003', '线性代数', '34', 0.00, 0.00, 1, 2016, 0, 0),
       (125, '3168901125', '2016011003', '线性代数', '65', 1.50, 1.00, 1, 2016, 0, 0),
       (126, '3168901126', '2016011003', '线性代数', '100', 5.00, 1.00, 1, 2016, 0, 0),
       (127, '3168901127', '2016011003', '线性代数', '56', 0.00, 0.00, 1, 2016, 0, 0),
       (128, '3168901128', '2016011003', '线性代数', '65', 1.50, 1.00, 1, 2016, 0, 0),
       (129, '3168901129', '2016011003', '线性代数', '87', 3.70, 1.00, 1, 2016, 0, 0),
       (130, '3168901130', '2016011003', '线性代数', '67', 1.70, 1.00, 1, 2016, 0, 0),
       (131, '3168901131', '2016011003', '线性代数', '54', 0.00, 0.00, 1, 2016, 0, 0),
       (132, '3168901132', '2016011003', '线性代数', '78', 2.80, 1.00, 1, 2016, 0, 0),
       (133, '3168901133', '2016011003', '线性代数', '100', 5.00, 1.00, 1, 2016, 0, 0),
       (134, '3168901134', '2016011003', '线性代数', '87', 3.70, 1.00, 1, 2016, 0, 0),
       (135, '3168901135', '2016011003', '线性代数', '98', 4.80, 1.00, 1, 2016, 0, 0),
       (136, '3168901136', '2016011003', '线性代数', '65', 1.50, 1.00, 1, 2016, 0, 0),
       (137, '3168901137', '2016011003', '线性代数', '87', 3.70, 1.00, 1, 2016, 0, 0),
       (138, '3168901138', '2016011003', '线性代数', '98', 4.80, 1.00, 1, 2016, 0, 0),
       (139, '3168901139', '2016011003', '线性代数', '67', 1.70, 1.00, 1, 2016, 0, 0),
       (140, '3168901140', '2016011003', '线性代数', '56', 0.00, 0.00, 1, 2016, 0, 0),
       (141, '3168901141', '2016011003', '线性代数', '78', 2.80, 1.00, 1, 2016, 0, 0),
       (142, '3168901142', '2016011003', '线性代数', '67', 1.70, 1.00, 1, 2016, 0, 0),
       (143, '3168901143', '2016011003', '线性代数', '87', 3.70, 1.00, 1, 2016, 0, 0),
       (144, '3168901144', '2016011003', '线性代数', '98', 4.80, 1.00, 1, 2016, 0, 0),
       (145, '3168901145', '2016011003', '线性代数', '56', 0.00, 0.00, 1, 2016, 0, 0),
       (146, '3168901146', '2016011003', '线性代数', '87', 3.70, 1.00, 1, 2016, 0, 0),
       (147, '3168901147', '2016011003', '线性代数', '45', 0.00, 0.00, 1, 2016, 0, 0),
       (148, '3168901148', '2016011003', '线性代数', '88', 3.80, 1.00, 1, 2016, 0, 0),
       (149, '3168901149', '2016011003', '线性代数', '66', 1.60, 1.00, 1, 2016, 0, 0),
       (150, '3168901150', '2016011003', '线性代数', '77', 2.70, 1.00, 1, 2016, 0, 0),
       (151, '3168901101', '2016011004', '复变函数', '54', 0.00, 0.00, 1, 2016, 0, 0),
       (152, '3168901102', '2016011004', '复变函数', '65', 1.50, 2.00, 1, 2016, 0, 0),
       (153, '3168901103', '2016011004', '复变函数', '76', 2.60, 2.00, 1, 2016, 0, 0),
       (154, '3168901104', '2016011004', '复变函数', '45', 0.00, 0.00, 1, 2016, 0, 0),
       (155, '3168901105', '2016011004', '复变函数', '100', 5.00, 2.00, 1, 2016, 0, 0),
       (156, '3168901106', '2016011004', '复变函数', '87', 3.70, 2.00, 1, 2016, 0, 0),
       (157, '3168901107', '2016011004', '复变函数', '65', 1.50, 2.00, 1, 2016, 0, 0),
       (158, '3168901108', '2016011004', '复变函数', '87', 3.70, 2.00, 1, 2016, 0, 0),
       (159, '3168901109', '2016011004', '复变函数', '54', 0.00, 0.00, 1, 2016, 0, 0),
       (160, '3168901110', '2016011004', '复变函数', '87', 3.70, 2.00, 1, 2016, 0, 0),
       (161, '3168901111', '2016011004', '复变函数', '100', 5.00, 2.00, 1, 2016, 0, 0),
       (162, '3168901112', '2016011004', '复变函数', '54', 0.00, 0.00, 1, 2016, 0, 0),
       (163, '3168901113', '2016011004', '复变函数', '87', 3.70, 2.00, 1, 2016, 0, 0),
       (164, '3168901114', '2016011004', '复变函数', '98', 4.80, 2.00, 1, 2016, 0, 0),
       (165, '3168901115', '2016011004', '复变函数', '100', 5.00, 2.00, 1, 2016, 0, 0),
       (166, '3168901116', '2016011004', '复变函数', '76', 2.60, 2.00, 1, 2016, 0, 0),
       (167, '3168901117', '2016011004', '复变函数', '87', 3.70, 2.00, 1, 2016, 0, 0),
       (168, '3168901118', '2016011004', '复变函数', '54', 0.00, 0.00, 1, 2016, 0, 0),
       (169, '3168901119', '2016011004', '复变函数', '76', 2.60, 2.00, 1, 2016, 0, 0),
       (170, '3168901120', '2016011004', '复变函数', '87', 3.70, 2.00, 1, 2016, 0, 0),
       (171, '3168901121', '2016011004', '复变函数', '56', 0.00, 0.00, 1, 2016, 0, 0),
       (172, '3168901122', '2016011004', '复变函数', '78', 2.80, 2.00, 1, 2016, 0, 0),
       (173, '3168901123', '2016011004', '复变函数', '65', 1.50, 2.00, 1, 2016, 0, 0),
       (174, '3168901124', '2016011004', '复变函数', '76', 2.60, 2.00, 1, 2016, 0, 0),
       (175, '3168901125', '2016011004', '复变函数', '87', 3.70, 2.00, 1, 2016, 0, 0),
       (176, '3168901126', '2016011004', '复变函数', '67', 1.70, 2.00, 1, 2016, 0, 0),
       (177, '3168901127', '2016011004', '复变函数', '87', 3.70, 2.00, 1, 2016, 0, 0),
       (178, '3168901128', '2016011004', '复变函数', '45', 0.00, 0.00, 1, 2016, 0, 0),
       (179, '3168901129', '2016011004', '复变函数', '76', 2.60, 2.00, 1, 2016, 0, 0),
       (180, '3168901130', '2016011004', '复变函数', '77', 2.70, 2.00, 1, 2016, 0, 0),
       (181, '3168901131', '2016011004', '复变函数', '78', 2.80, 2.00, 1, 2016, 0, 0),
       (182, '3168901132', '2016011004', '复变函数', '78', 2.80, 2.00, 1, 2016, 0, 0),
       (183, '3168901133', '2016011004', '复变函数', '54', 0.00, 0.00, 1, 2016, 0, 0),
       (184, '3168901134', '2016011004', '复变函数', '65', 1.50, 2.00, 1, 2016, 0, 0),
       (185, '3168901135', '2016011004', '复变函数', '76', 2.60, 2.00, 1, 2016, 0, 0),
       (186, '3168901136', '2016011004', '复变函数', '76', 2.60, 2.00, 1, 2016, 0, 0),
       (187, '3168901137', '2016011004', '复变函数', '33', 0.00, 0.00, 1, 2016, 0, 0),
       (188, '3168901138', '2016011004', '复变函数', '67', 1.70, 2.00, 1, 2016, 0, 0),
       (189, '3168901139', '2016011004', '复变函数', '65', 1.50, 2.00, 1, 2016, 0, 0),
       (190, '3168901140', '2016011004', '复变函数', '65', 1.50, 2.00, 1, 2016, 0, 0),
       (191, '3168901141', '2016011004', '复变函数', '76', 2.60, 2.00, 1, 2016, 0, 0),
       (192, '3168901142', '2016011004', '复变函数', '54', 0.00, 0.00, 1, 2016, 0, 0),
       (193, '3168901143', '2016011004', '复变函数', '65', 1.50, 2.00, 1, 2016, 0, 0),
       (194, '3168901144', '2016011004', '复变函数', '76', 2.60, 2.00, 1, 2016, 0, 0),
       (195, '3168901145', '2016011004', '复变函数', '100', 5.00, 2.00, 1, 2016, 0, 0),
       (196, '3168901146', '2016011004', '复变函数', '100', 5.00, 2.00, 1, 2016, 0, 0),
       (197, '3168901147', '2016011004', '复变函数', '43', 0.00, 0.00, 1, 2016, 0, 0),
       (198, '3168901148', '2016011004', '复变函数', '73', 2.30, 2.00, 1, 2016, 0, 0),
       (199, '3168901149', '2016011004', '复变函数', '32', 0.00, 0.00, 1, 2016, 0, 0),
       (200, '3168901150', '2016011004', '复变函数', '65', 1.50, 2.00, 1, 2016, 0, 0),
       (201, '3168901101', '2016011005', '模拟电子线路', '67', 1.70, 4.00, 1, 2016, 0, 0),
       (202, '3168901102', '2016011005', '模拟电子线路', '87', 3.70, 4.00, 1, 2016, 0, 0),
       (203, '3168901103', '2016011005', '模拟电子线路', '65', 1.50, 4.00, 1, 2016, 0, 0),
       (204, '3168901104', '2016011005', '模拟电子线路', '76', 2.60, 4.00, 1, 2016, 0, 0),
       (205, '3168901105', '2016011005', '模拟电子线路', '64', 1.40, 4.00, 1, 2016, 0, 0),
       (206, '3168901106', '2016011005', '模拟电子线路', '65', 1.50, 4.00, 1, 2016, 0, 0),
       (207, '3168901107', '2016011005', '模拟电子线路', '77', 2.70, 4.00, 1, 2016, 0, 0),
       (208, '3168901108', '2016011005', '模拟电子线路', '87', 3.70, 4.00, 1, 2016, 0, 0),
       (209, '3168901109', '2016011005', '模拟电子线路', '56', 0.00, 0.00, 1, 2016, 0, 0),
       (210, '3168901110', '2016011005', '模拟电子线路', '87', 3.70, 4.00, 1, 2016, 0, 0),
       (211, '3168901111', '2016011005', '模拟电子线路', '76', 2.60, 4.00, 1, 2016, 0, 0),
       (212, '3168901112', '2016011005', '模拟电子线路', '74', 2.40, 4.00, 1, 2016, 0, 0),
       (213, '3168901113', '2016011005', '模拟电子线路', '100', 5.00, 4.00, 1, 2016, 0, 0),
       (214, '3168901114', '2016011005', '模拟电子线路', '57', 0.00, 0.00, 1, 2016, 0, 0),
       (215, '3168901115', '2016011005', '模拟电子线路', '85', 3.50, 4.00, 1, 2016, 0, 0),
       (216, '3168901116', '2016011005', '模拟电子线路', '100', 5.00, 4.00, 1, 2016, 0, 0),
       (217, '3168901117', '2016011005', '模拟电子线路', '85', 3.50, 4.00, 1, 2016, 0, 0),
       (218, '3168901118', '2016011005', '模拟电子线路', '43', 0.00, 0.00, 1, 2016, 0, 0),
       (219, '3168901119', '2016011005', '模拟电子线路', '100', 5.00, 4.00, 1, 2016, 0, 0),
       (220, '3168901120', '2016011005', '模拟电子线路', '54', 0.00, 0.00, 1, 2016, 0, 0),
       (221, '3168901121', '2016011005', '模拟电子线路', '65', 1.50, 4.00, 1, 2016, 0, 0),
       (222, '3168901122', '2016011005', '模拟电子线路', '34', 0.00, 0.00, 1, 2016, 0, 0),
       (223, '3168901123', '2016011005', '模拟电子线路', '75', 2.50, 4.00, 1, 2016, 0, 0),
       (224, '3168901124', '2016011005', '模拟电子线路', '43', 0.00, 0.00, 1, 2016, 0, 0),
       (225, '3168901125', '2016011005', '模拟电子线路', '74', 2.40, 4.00, 1, 2016, 0, 0),
       (226, '3168901126', '2016011005', '模拟电子线路', '77', 2.70, 4.00, 1, 2016, 0, 0),
       (227, '3168901127', '2016011005', '模拟电子线路', '45', 0.00, 0.00, 1, 2016, 0, 0),
       (228, '3168901128', '2016011005', '模拟电子线路', '75', 2.50, 4.00, 1, 2016, 0, 0),
       (229, '3168901129', '2016011005', '模拟电子线路', '65', 1.50, 4.00, 1, 2016, 0, 0),
       (230, '3168901130', '2016011005', '模拟电子线路', '76', 2.60, 4.00, 1, 2016, 0, 0),
       (231, '3168901131', '2016011005', '模拟电子线路', '100', 5.00, 4.00, 1, 2016, 0, 0),
       (232, '3168901132', '2016011005', '模拟电子线路', '87', 3.70, 4.00, 1, 2016, 0, 0),
       (233, '3168901133', '2016011005', '模拟电子线路', '45', 0.00, 0.00, 1, 2016, 0, 0),
       (234, '3168901134', '2016011005', '模拟电子线路', '76', 2.60, 4.00, 1, 2016, 0, 0),
       (235, '3168901135', '2016011005', '模拟电子线路', '97', 4.70, 4.00, 1, 2016, 0, 0),
       (236, '3168901136', '2016011005', '模拟电子线路', '46', 0.00, 0.00, 1, 2016, 0, 0),
       (237, '3168901137', '2016011005', '模拟电子线路', '76', 2.60, 4.00, 1, 2016, 0, 0),
       (238, '3168901138', '2016011005', '模拟电子线路', '65', 1.50, 4.00, 1, 2016, 0, 0),
       (239, '3168901139', '2016011005', '模拟电子线路', '76', 2.60, 4.00, 1, 2016, 0, 0),
       (240, '3168901140', '2016011005', '模拟电子线路', '87', 3.70, 4.00, 1, 2016, 0, 0),
       (241, '3168901141', '2016011005', '模拟电子线路', '45', 0.00, 0.00, 1, 2016, 0, 0),
       (242, '3168901142', '2016011005', '模拟电子线路', '67', 1.70, 4.00, 1, 2016, 0, 0),
       (243, '3168901143', '2016011005', '模拟电子线路', '67', 1.70, 4.00, 1, 2016, 0, 0),
       (244, '3168901144', '2016011005', '模拟电子线路', '87', 3.70, 4.00, 1, 2016, 0, 0),
       (245, '3168901145', '2016011005', '模拟电子线路', '54', 0.00, 0.00, 1, 2016, 0, 0),
       (246, '3168901146', '2016011005', '模拟电子线路', '76', 2.60, 4.00, 1, 2016, 0, 0),
       (247, '3168901147', '2016011005', '模拟电子线路', '65', 1.50, 4.00, 1, 2016, 0, 0),
       (248, '3168901148', '2016011005', '模拟电子线路', '76', 2.60, 4.00, 1, 2016, 0, 0),
       (249, '3168901149', '2016011005', '模拟电子线路', '46', 0.00, 0.00, 1, 2016, 0, 0),
       (250, '3168901150', '2016011005', '模拟电子线路', '65', 1.50, 4.00, 1, 2016, 0, 0),
       (251, '3168901101', '2016011006', '信号与系统', '35', 0.00, 0.00, 1, 2016, 0, 0),
       (252, '3168901102', '2016011006', '信号与系统', '100', 5.00, 2.00, 1, 2016, 0, 0),
       (253, '3168901103', '2016011006', '信号与系统', '100', 5.00, 2.00, 1, 2016, 0, 0),
       (254, '3168901104', '2016011006', '信号与系统', '54', 0.00, 0.00, 1, 2016, 0, 0),
       (255, '3168901105', '2016011006', '信号与系统', '76', 2.60, 2.00, 1, 2016, 0, 0),
       (256, '3168901106', '2016011006', '信号与系统', '100', 5.00, 2.00, 1, 2016, 0, 0),
       (257, '3168901107', '2016011006', '信号与系统', '74', 2.40, 2.00, 1, 2016, 0, 0),
       (258, '3168901108', '2016011006', '信号与系统', '86', 3.60, 2.00, 1, 2016, 0, 0),
       (259, '3168901109', '2016011006', '信号与系统', '56', 0.00, 0.00, 1, 2016, 0, 0),
       (260, '3168901110', '2016011006', '信号与系统', '85', 3.50, 2.00, 1, 2016, 0, 0),
       (261, '3168901111', '2016011006', '信号与系统', '86', 3.60, 2.00, 1, 2016, 0, 0),
       (262, '3168901112', '2016011006', '信号与系统', '56', 0.00, 0.00, 1, 2016, 0, 0),
       (263, '3168901113', '2016011006', '信号与系统', '100', 5.00, 2.00, 1, 2016, 0, 0),
       (264, '3168901114', '2016011006', '信号与系统', '43', 0.00, 0.00, 1, 2016, 0, 0),
       (265, '3168901115', '2016011006', '信号与系统', '83', 3.30, 2.00, 1, 2016, 0, 0),
       (266, '3168901116', '2016011006', '信号与系统', '75', 2.50, 2.00, 1, 2016, 0, 0),
       (267, '3168901117', '2016011006', '信号与系统', '23', 0.00, 0.00, 1, 2016, 0, 0),
       (268, '3168901118', '2016011006', '信号与系统', '86', 3.60, 2.00, 1, 2016, 0, 0),
       (269, '3168901119', '2016011006', '信号与系统', '37', 0.00, 0.00, 1, 2016, 0, 0),
       (270, '3168901120', '2016011006', '信号与系统', '75', 2.50, 2.00, 1, 2016, 0, 0),
       (271, '3168901121', '2016011006', '信号与系统', '76', 2.60, 2.00, 1, 2016, 0, 0),
       (272, '3168901122', '2016011006', '信号与系统', '34', 0.00, 0.00, 1, 2016, 0, 0),
       (273, '3168901123', '2016011006', '信号与系统', '76', 2.60, 2.00, 1, 2016, 0, 0),
       (274, '3168901124', '2016011006', '信号与系统', '43', 0.00, 0.00, 1, 2016, 0, 0),
       (275, '3168901125', '2016011006', '信号与系统', '86', 3.60, 2.00, 1, 2016, 0, 0),
       (276, '3168901126', '2016011006', '信号与系统', '65', 1.50, 2.00, 1, 2016, 0, 0),
       (277, '3168901127', '2016011006', '信号与系统', '43', 0.00, 0.00, 1, 2016, 0, 0),
       (278, '3168901128', '2016011006', '信号与系统', '86', 3.60, 2.00, 1, 2016, 0, 0),
       (279, '3168901129', '2016011006', '信号与系统', '87', 3.70, 2.00, 1, 2016, 0, 0),
       (280, '3168901130', '2016011006', '信号与系统', '54', 0.00, 0.00, 1, 2016, 0, 0),
       (281, '3168901131', '2016011006', '信号与系统', '95', 4.50, 2.00, 1, 2016, 0, 0),
       (282, '3168901132', '2016011006', '信号与系统', '67', 1.70, 2.00, 1, 2016, 0, 0),
       (283, '3168901133', '2016011006', '信号与系统', '100', 5.00, 2.00, 1, 2016, 0, 0),
       (284, '3168901134', '2016011006', '信号与系统', '54', 0.00, 0.00, 1, 2016, 0, 0),
       (285, '3168901135', '2016011006', '信号与系统', '87', 3.70, 2.00, 1, 2016, 0, 0),
       (286, '3168901136', '2016011006', '信号与系统', '34', 0.00, 0.00, 1, 2016, 0, 0),
       (287, '3168901137', '2016011006', '信号与系统', '77', 2.70, 2.00, 1, 2016, 0, 0),
       (288, '3168901138', '2016011006', '信号与系统', '54', 0.00, 0.00, 1, 2016, 0, 0),
       (289, '3168901139', '2016011006', '信号与系统', '86', 3.60, 2.00, 1, 2016, 0, 0),
       (290, '3168901140', '2016011006', '信号与系统', '76', 2.60, 2.00, 1, 2016, 0, 0),
       (291, '3168901141', '2016011006', '信号与系统', '23', 0.00, 0.00, 1, 2016, 0, 0),
       (292, '3168901142', '2016011006', '信号与系统', '56', 0.00, 0.00, 1, 2016, 0, 0),
       (293, '3168901143', '2016011006', '信号与系统', '65', 1.50, 2.00, 1, 2016, 0, 0),
       (294, '3168901144', '2016011006', '信号与系统', '100', 5.00, 2.00, 1, 2016, 0, 0),
       (295, '3168901145', '2016011006', '信号与系统', '43', 0.00, 0.00, 1, 2016, 0, 0),
       (296, '3168901146', '2016011006', '信号与系统', '54', 0.00, 0.00, 1, 2016, 0, 0),
       (297, '3168901147', '2016011006', '信号与系统', '65', 1.50, 2.00, 1, 2016, 0, 0),
       (298, '3168901148', '2016011006', '信号与系统', '100', 5.00, 2.00, 1, 2016, 0, 0),
       (299, '3168901149', '2016011006', '信号与系统', '43', 0.00, 0.00, 1, 2016, 0, 0),
       (300, '3168901150', '2016011006', '信号与系统', '65', 1.50, 2.00, 1, 2016, 0, 0),
       (301, '3168904101', '2016041001', '高频电子线路', '45', 0.00, 0.00, 1, 2016, 0, 0),
       (302, '3168904102', '2016041001', '高频电子线路', '55', 0.00, 0.00, 1, 2016, 0, 0),
       (303, '3168904103', '2016041001', '高频电子线路', '78', 2.80, 4.00, 1, 2016, 0, 0),
       (304, '3168904104', '2016041001', '高频电子线路', '87', 3.70, 4.00, 1, 2016, 0, 0),
       (305, '3168904105', '2016041001', '高频电子线路', '56', 0.00, 0.00, 1, 2016, 0, 0),
       (306, '3168904106', '2016041001', '高频电子线路', '94', 4.40, 4.00, 1, 2016, 0, 0),
       (307, '3168904107', '2016041001', '高频电子线路', '45', 0.00, 0.00, 1, 2016, 0, 0),
       (308, '3168904108', '2016041001', '高频电子线路', '66', 1.60, 4.00, 1, 2016, 0, 0),
       (309, '3168904109', '2016041001', '高频电子线路', '78', 2.80, 4.00, 1, 2016, 0, 0),
       (310, '3168904110', '2016041001', '高频电子线路', '88', 3.80, 4.00, 1, 2016, 0, 0),
       (311, '3168904111', '2016041001', '高频电子线路', '45', 0.00, 0.00, 1, 2016, 0, 0),
       (312, '3168904112', '2016041001', '高频电子线路', '78', 2.80, 4.00, 1, 2016, 0, 0),
       (313, '3168904113', '2016041001', '高频电子线路', '98', 4.80, 4.00, 1, 2016, 0, 0),
       (314, '3168904114', '2016041001', '高频电子线路', '88', 3.80, 4.00, 1, 2016, 0, 0),
       (315, '3168904115', '2016041001', '高频电子线路', '98', 4.80, 4.00, 1, 2016, 0, 0),
       (316, '3168904116', '2016041001', '高频电子线路', '78', 2.80, 4.00, 1, 2016, 0, 0),
       (317, '3168904117', '2016041001', '高频电子线路', '99', 4.90, 4.00, 1, 2016, 0, 0),
       (318, '3168904118', '2016041001', '高频电子线路', '88', 3.80, 4.00, 1, 2016, 0, 0),
       (319, '3168904119', '2016041001', '高频电子线路', '78', 2.80, 4.00, 1, 2016, 0, 0),
       (320, '3168904120', '2016041001', '高频电子线路', '54', 0.00, 0.00, 1, 2016, 0, 0),
       (321, '3168904121', '2016041001', '高频电子线路', '45', 0.00, 0.00, 1, 2016, 0, 0),
       (322, '3168904122', '2016041001', '高频电子线路', '65', 1.50, 4.00, 1, 2016, 0, 0),
       (323, '3168904123', '2016041001', '高频电子线路', '55', 0.00, 0.00, 1, 2016, 0, 0),
       (324, '3168904124', '2016041001', '高频电子线路', '65', 1.50, 4.00, 1, 2016, 0, 0),
       (325, '3168904125', '2016041001', '高频电子线路', '45', 0.00, 0.00, 1, 2016, 0, 0),
       (326, '3168904126', '2016041001', '高频电子线路', '12', 0.00, 0.00, 1, 2016, 0, 0),
       (327, '3168904127', '2016041001', '高频电子线路', '55', 0.00, 0.00, 1, 2016, 0, 0),
       (328, '3168904128', '2016041001', '高频电子线路', '66', 1.60, 4.00, 1, 2016, 0, 0),
       (329, '3168904129', '2016041001', '高频电子线路', '78', 2.80, 4.00, 1, 2016, 0, 0),
       (330, '3168904130', '2016041001', '高频电子线路', '65', 1.50, 4.00, 1, 2016, 0, 0),
       (331, '3168904131', '2016041001', '高频电子线路', '56', 0.00, 0.00, 1, 2016, 0, 0),
       (332, '3168904132', '2016041001', '高频电子线路', '45', 0.00, 0.00, 1, 2016, 0, 0),
       (333, '3168904133', '2016041001', '高频电子线路', '100', 5.00, 4.00, 1, 2016, 0, 0),
       (334, '3168904134', '2016041001', '高频电子线路', '55', 0.00, 0.00, 1, 2016, 0, 0),
       (335, '3168904135', '2016041001', '高频电子线路', '78', 2.80, 4.00, 1, 2016, 0, 0),
       (336, '3168904136', '2016041001', '高频电子线路', '89', 3.90, 4.00, 1, 2016, 0, 0),
       (337, '3168904137', '2016041001', '高频电子线路', '78', 2.80, 4.00, 1, 2016, 0, 0),
       (338, '3168904138', '2016041001', '高频电子线路', '98', 4.80, 4.00, 1, 2016, 0, 0),
       (339, '3168904139', '2016041001', '高频电子线路', '78', 2.80, 4.00, 1, 2016, 0, 0),
       (340, '3168904140', '2016041001', '高频电子线路', '89', 3.90, 4.00, 1, 2016, 0, 0),
       (341, '3168904141', '2016041001', '高频电子线路', '89', 3.90, 4.00, 1, 2016, 0, 0),
       (342, '3168904142', '2016041001', '高频电子线路', '89', 3.90, 4.00, 1, 2016, 0, 0),
       (343, '3168904143', '2016041001', '高频电子线路', '78', 2.80, 4.00, 1, 2016, 0, 0),
       (344, '3168904144', '2016041001', '高频电子线路', '45', 0.00, 0.00, 1, 2016, 0, 0),
       (345, '3168904145', '2016041001', '高频电子线路', '66', 1.60, 4.00, 1, 2016, 0, 0),
       (346, '3168904146', '2016041001', '高频电子线路', '87', 3.70, 4.00, 1, 2016, 0, 0),
       (347, '3168904147', '2016041001', '高频电子线路', '79', 2.90, 4.00, 1, 2016, 0, 0),
       (348, '3168904148', '2016041001', '高频电子线路', '88', 3.80, 4.00, 1, 2016, 0, 0),
       (349, '3168904149', '2016041001', '高频电子线路', '65', 1.50, 4.00, 1, 2016, 0, 0),
       (350, '3168904150', '2016041001', '高频电子线路', '45', 0.00, 0.00, 1, 2016, 0, 0),
       (351, '3168904151', '2016041001', '高频电子线路', '66', 1.60, 4.00, 1, 2016, 0, 0),
       (352, '3168904152', '2016041001', '高频电子线路', '87', 3.70, 4.00, 1, 2016, 0, 0),
       (353, '3168904153', '2016041001', '高频电子线路', '99', 4.90, 4.00, 1, 2016, 0, 0),
       (354, '3168904154', '2016041001', '高频电子线路', '78', 2.80, 4.00, 1, 2016, 0, 0),
       (355, '3168904155', '2016041001', '高频电子线路', '45', 0.00, 0.00, 1, 2016, 0, 0),
       (356, '3168904156', '2016041001', '高频电子线路', '66', 1.60, 4.00, 1, 2016, 0, 0),
       (357, '3168904157', '2016041001', '高频电子线路', '78', 2.80, 4.00, 1, 2016, 0, 0),
       (358, '3168904158', '2016041001', '高频电子线路', '54', 0.00, 0.00, 1, 2016, 0, 0),
       (359, '3168904159', '2016041001', '高频电子线路', '66', 1.60, 4.00, 1, 2016, 0, 0),
       (360, '3168904160', '2016041001', '高频电子线路', '78', 2.80, 4.00, 1, 2016, 0, 0),
       (361, '3168902111', '2016021001', '物联网工程导论', '88', 3.80, 2.00, 1, 2016, 0, 0),
       (362, '3168902112', '2016021001', '物联网工程导论', '78', 2.80, 2.00, 1, 2016, 0, 0),
       (363, '3168902113', '2016021001', '物联网工程导论', '45', 0.00, 0.00, 1, 2016, 0, 0),
       (364, '3168902114', '2016021001', '物联网工程导论', '66', 1.60, 2.00, 1, 2016, 0, 0),
       (365, '3168902115', '2016021001', '物联网工程导论', '87', 3.70, 2.00, 1, 2016, 0, 0),
       (366, '3168902116', '2016021001', '物联网工程导论', '65', 1.50, 2.00, 1, 2016, 0, 0),
       (367, '3168902117', '2016021001', '物联网工程导论', '54', 0.00, 0.00, 1, 2016, 0, 0),
       (368, '3168902118', '2016021001', '物联网工程导论', '66', 1.60, 2.00, 1, 2016, 0, 0),
       (369, '3168902119', '2016021001', '物联网工程导论', '55', 0.00, 0.00, 1, 2016, 0, 0),
       (370, '3168902120', '2016021001', '物联网工程导论', '87', 3.70, 2.00, 1, 2016, 0, 0),
       (371, '3168902121', '2016021001', '物联网工程导论', '88', 3.80, 2.00, 1, 2016, 0, 0),
       (372, '3168902122', '2016021001', '物联网工程导论', '87', 3.70, 2.00, 1, 2016, 0, 0),
       (373, '3168902123', '2016021001', '物联网工程导论', '98', 4.80, 2.00, 1, 2016, 0, 0),
       (374, '3168902124', '2016021001', '物联网工程导论', '78', 2.80, 2.00, 1, 2016, 0, 0),
       (375, '3168902125', '2016021001', '物联网工程导论', '54', 0.00, 0.00, 1, 2016, 0, 0),
       (376, '3168902126', '2016021001', '物联网工程导论', '66', 1.60, 2.00, 1, 2016, 0, 0),
       (377, '3168902127', '2016021001', '物联网工程导论', '87', 3.70, 2.00, 1, 2016, 0, 0),
       (378, '3168902128', '2016021001', '物联网工程导论', '100', 5.00, 2.00, 1, 2016, 0, 0),
       (379, '3168902129', '2016021001', '物联网工程导论', '88', 3.80, 2.00, 1, 2016, 0, 0),
       (380, '3168902130', '2016021001', '物联网工程导论', '98', 4.80, 2.00, 1, 2016, 0, 0),
       (381, '3168902131', '2016021001', '物联网工程导论', '78', 2.80, 2.00, 1, 2016, 0, 0),
       (382, '3168902132', '2016021001', '物联网工程导论', '98', 4.80, 2.00, 1, 2016, 0, 0),
       (383, '3168902133', '2016021001', '物联网工程导论', '88', 3.80, 2.00, 1, 2016, 0, 0),
       (384, '3168902134', '2016021001', '物联网工程导论', '78', 2.80, 2.00, 1, 2016, 0, 0),
       (385, '3168902135', '2016021001', '物联网工程导论', '98', 4.80, 2.00, 1, 2016, 0, 0),
       (386, '3168902136', '2016021001', '物联网工程导论', '100', 5.00, 2.00, 1, 2016, 0, 0),
       (387, '3168902137', '2016021001', '物联网工程导论', '100', 5.00, 2.00, 1, 2016, 0, 0),
       (388, '3168902138', '2016021001', '物联网工程导论', '88', 3.80, 2.00, 1, 2016, 0, 0),
       (389, '3168902139', '2016021001', '物联网工程导论', '65', 1.50, 2.00, 1, 2016, 0, 0),
       (390, '3168902140', '2016021001', '物联网工程导论', '44', 0.00, 0.00, 1, 2016, 0, 0),
       (391, '3168902102', '2016021001', '物联网工程导论', '87', 3.70, 2.00, 1, 2016, 0, 0),
       (392, '3168902103', '2016021001', '物联网工程导论', '89', 3.90, 2.00, 1, 2016, 0, 0),
       (393, '3168902104', '2016021001', '物联网工程导论', '78', 2.80, 2.00, 1, 2016, 0, 0),
       (394, '3168902105', '2016021001', '物联网工程导论', '54', 0.00, 0.00, 1, 2016, 0, 0),
       (395, '3168902106', '2016021001', '物联网工程导论', '55', 0.00, 0.00, 1, 2016, 0, 0),
       (396, '3168902107', '2016021001', '物联网工程导论', '65', 1.50, 2.00, 1, 2016, 0, 0),
       (397, '3168902108', '2016021001', '物联网工程导论', '45', 0.00, 0.00, 1, 2016, 0, 0),
       (398, '3168902109', '2016021001', '物联网工程导论', '87', 3.70, 2.00, 1, 2016, 0, 0),
       (399, '3168902110', '2016021001', '物联网工程导论', '66', 1.60, 2.00, 1, 2016, 0, 0),
       (400, '3168902101', '2016021001', '物联网工程导论', '87', 3.70, 2.00, 1, 2016, 0, 0),
       (401, '3168902141', '2016021001', '物联网工程导论', '87', 3.70, 2.00, 1, 2016, 0, 0),
       (402, '3168902142', '2016021001', '物联网工程导论', '88', 3.80, 2.00, 1, 2016, 0, 0),
       (403, '3168902143', '2016021001', '物联网工程导论', '98', 4.80, 2.00, 1, 2016, 0, 0),
       (404, '3168902144', '2016021001', '物联网工程导论', '78', 2.80, 2.00, 1, 2016, 0, 0),
       (405, '3168902145', '2016021001', '物联网工程导论', '54', 0.00, 0.00, 1, 2016, 0, 0),
       (406, '3168902146', '2016021001', '物联网工程导论', '55', 0.00, 0.00, 1, 2016, 0, 0),
       (407, '3168902147', '2016021001', '物联网工程导论', '65', 1.50, 2.00, 1, 2016, 0, 0),
       (408, '3168902148', '2016021001', '物联网工程导论', '45', 0.00, 0.00, 1, 2016, 0, 0),
       (409, '3168902149', '2016021001', '物联网工程导论', '55', 0.00, 0.00, 1, 2016, 0, 0),
       (410, '3168902150', '2016021001', '物联网工程导论', '65', 1.50, 2.00, 1, 2016, 0, 0),
       (411, '3168903101', '2016031001', '计算机网络技术', '88', 3.80, 1.00, 1, 2016, 0, 0),
       (412, '3168903102', '2016031001', '计算机网络技术', '55', 0.00, 0.00, 1, 2016, 0, 0),
       (413, '3168903103', '2016031001', '计算机网络技术', '76', 2.60, 1.00, 1, 2016, 0, 0),
       (414, '3168903104', '2016031001', '计算机网络技术', '100', 5.00, 1.00, 1, 2016, 0, 0),
       (415, '3168903105', '2016031001', '计算机网络技术', '100', 5.00, 1.00, 1, 2016, 0, 0),
       (416, '3168903106', '2016031001', '计算机网络技术', '100', 5.00, 1.00, 1, 2016, 0, 0),
       (417, '3168903107', '2016031001', '计算机网络技术', '76', 2.60, 1.00, 1, 2016, 0, 0),
       (418, '3168903108', '2016031001', '计算机网络技术', '76', 2.60, 1.00, 1, 2016, 0, 0),
       (419, '3168903109', '2016031001', '计算机网络技术', '88', 3.80, 1.00, 1, 2016, 0, 0),
       (420, '3168903110', '2016031001', '计算机网络技术', '67', 1.70, 1.00, 1, 2016, 0, 0),
       (421, '3168903111', '2016031001', '计算机网络技术', '76', 2.60, 1.00, 1, 2016, 0, 0),
       (422, '3168903112', '2016031001', '计算机网络技术', '87', 3.70, 1.00, 1, 2016, 0, 0),
       (423, '3168903113', '2016031001', '计算机网络技术', '66', 1.60, 1.00, 1, 2016, 0, 0),
       (424, '3168903114', '2016031001', '计算机网络技术', '77', 2.70, 1.00, 1, 2016, 0, 0),
       (425, '3168903115', '2016031001', '计算机网络技术', '87', 3.70, 1.00, 1, 2016, 0, 0),
       (426, '3168903116', '2016031001', '计算机网络技术', '99', 4.90, 1.00, 1, 2016, 0, 0),
       (427, '3168903117', '2016031001', '计算机网络技术', '87', 3.70, 1.00, 1, 2016, 0, 0),
       (428, '3168903118', '2016031001', '计算机网络技术', '78', 2.80, 1.00, 1, 2016, 0, 0),
       (429, '3168903119', '2016031001', '计算机网络技术', '88', 3.80, 1.00, 1, 2016, 0, 0),
       (430, '3168903120', '2016031001', '计算机网络技术', '98', 4.80, 1.00, 1, 2016, 0, 0),
       (431, '3168903121', '2016031001', '计算机网络技术', '100', 5.00, 1.00, 1, 2016, 0, 0),
       (432, '3168903122', '2016031001', '计算机网络技术', '89', 3.90, 1.00, 1, 2016, 0, 0),
       (433, '3168903123', '2016031001', '计算机网络技术', '77', 2.70, 1.00, 1, 2016, 0, 0),
       (434, '3168903124', '2016031001', '计算机网络技术', '87', 3.70, 1.00, 1, 2016, 0, 0),
       (435, '3168903125', '2016031001', '计算机网络技术', '88', 3.80, 1.00, 1, 2016, 0, 0),
       (436, '3168903126', '2016031001', '计算机网络技术', '98', 4.80, 1.00, 1, 2016, 0, 0),
       (437, '3168903127', '2016031001', '计算机网络技术', '87', 3.70, 1.00, 1, 2016, 0, 0),
       (438, '3168903128', '2016031001', '计算机网络技术', '66', 1.60, 1.00, 1, 2016, 0, 0),
       (439, '3168903129', '2016031001', '计算机网络技术', '87', 3.70, 1.00, 1, 2016, 0, 0),
       (440, '3168903130', '2016031001', '计算机网络技术', '88', 3.80, 1.00, 1, 2016, 0, 0),
       (441, '3168903131', '2016031001', '计算机网络技术', '88', 3.80, 1.00, 1, 2016, 0, 0),
       (442, '3168903132', '2016031001', '计算机网络技术', '78', 2.80, 1.00, 1, 2016, 0, 0),
       (443, '3168903133', '2016031001', '计算机网络技术', '87', 3.70, 1.00, 1, 2016, 0, 0),
       (444, '3168903134', '2016031001', '计算机网络技术', '77', 2.70, 1.00, 1, 2016, 0, 0),
       (445, '3168903135', '2016031001', '计算机网络技术', '87', 3.70, 1.00, 1, 2016, 0, 0),
       (446, '3168903136', '2016031001', '计算机网络技术', '98', 4.80, 1.00, 1, 2016, 0, 0),
       (447, '3168903137', '2016031001', '计算机网络技术', '78', 2.80, 1.00, 1, 2016, 0, 0),
       (448, '3168903138', '2016031001', '计算机网络技术', '100', 5.00, 1.00, 1, 2016, 0, 0),
       (449, '3168903139', '2016031001', '计算机网络技术', '78', 2.80, 1.00, 1, 2016, 0, 0),
       (450, '3168903140', '2016031001', '计算机网络技术', '98', 4.80, 1.00, 1, 2016, 0, 0),
       (451, '3168903141', '2016031001', '计算机网络技术', '78', 2.80, 1.00, 1, 2016, 0, 0),
       (452, '3168903142', '2016031001', '计算机网络技术', '87', 3.70, 1.00, 1, 2016, 0, 0),
       (453, '3168903143', '2016031001', '计算机网络技术', '88', 3.80, 1.00, 1, 2016, 0, 0),
       (454, '3168903144', '2016031001', '计算机网络技术', '78', 2.80, 1.00, 1, 2016, 0, 0),
       (455, '3168903145', '2016031001', '计算机网络技术', '87', 3.70, 1.00, 1, 2016, 0, 0),
       (456, '3168903146', '2016031001', '计算机网络技术', '78', 2.80, 1.00, 1, 2016, 0, 0),
       (457, '3168903147', '2016031001', '计算机网络技术', '99', 4.90, 1.00, 1, 2016, 0, 0),
       (458, '3168903148', '2016031001', '计算机网络技术', '87', 3.70, 1.00, 1, 2016, 0, 0),
       (459, '3168903149', '2016031001', '计算机网络技术', '87', 3.70, 1.00, 1, 2016, 0, 0),
       (460, '3168903150', '2016031001', '计算机网络技术', '77', 2.70, 1.00, 1, 2016, 0, 0),
       (461, '3168903151', '2016031001', '计算机网络技术', '89', 3.90, 1.00, 1, 2016, 0, 0),
       (462, '3168903152', '2016031001', '计算机网络技术', '78', 2.80, 1.00, 1, 2016, 0, 0),
       (463, '3168903153', '2016031001', '计算机网络技术', '78', 2.80, 1.00, 1, 2016, 0, 0),
       (464, '3168903154', '2016031001', '计算机网络技术', '98', 4.80, 1.00, 1, 2016, 0, 0),
       (465, '3168903155', '2016031001', '计算机网络技术', '87', 3.70, 1.00, 1, 2016, 0, 0),
       (466, '3168903156', '2016031001', '计算机网络技术', '88', 3.80, 1.00, 1, 2016, 0, 0),
       (467, '3168903157', '2016031001', '计算机网络技术', '77', 2.70, 1.00, 1, 2016, 0, 0),
       (468, '3168903158', '2016031001', '计算机网络技术', '87', 3.70, 1.00, 1, 2016, 0, 0),
       (469, '3168903159', '2016031001', '计算机网络技术', '87', 3.70, 1.00, 1, 2016, 0, 0),
       (470, '3168903160', '2016031001', '计算机网络技术', '78', 2.80, 1.00, 1, 2016, 0, 0),
       (471, '3168901101', '2016011008', '体育', '88', 3.80, 1.00, 1, 2016, 0, 0),
       (472, '3168901101', '2016011010', '多媒体技术', '88', 3.80, 2.00, 1, 2016, 0, 0),
       (473, '3168901101', '2016011007', '大学英语', '80', 3.00, 4.00, 1, 2016, 0, 0),
       (474, '3168901101', '2016011009', '电子技术', '62', 1.20, 2.00, 1, 2016, 0, 0);
/*!40000 ALTER TABLE `student_course`
    ENABLE KEYS */;
UNLOCK TABLES;

--
-- Table structure for table `subject`
--

DROP TABLE IF EXISTS `subject`;
/*!40101 SET @saved_cs_client = @@character_set_client */;
/*!50503 SET character_set_client = utf8mb4 */;
CREATE TABLE `subject`
(
    `id`          int(11)   NOT NULL AUTO_INCREMENT,
    `type`        varchar(20) COLLATE utf8mb4_unicode_ci  DEFAULT NULL COMMENT '题型',
    `question`    varchar(100) COLLATE utf8mb4_unicode_ci DEFAULT NULL COMMENT '问题',
    `answer`      varchar(100) COLLATE utf8mb4_unicode_ci DEFAULT NULL COMMENT '答案',
    `is_del`      int(11)   NOT NULL                      DEFAULT '0',
    `create_time` timestamp NOT NULL                      DEFAULT CURRENT_TIMESTAMP,
    `version`     int(11)   NOT NULL                      DEFAULT '0',
    PRIMARY KEY (`id`)
) ENGINE = InnoDB
  AUTO_INCREMENT = 54
  DEFAULT CHARSET = utf8mb4
  COLLATE = utf8mb4_unicode_ci COMMENT ='问题';

--
-- Dumping data for table `subject`
--

LOCK TABLES `subject` WRITE;
/*!40000 ALTER TABLE `subject`
    DISABLE KEYS */;
INSERT INTO `subject`
VALUES (1, '选择题', 'Line 1\nLine 2\nLine 3', 'A', 0, '2024-04-15 06:03:40', 0),
       (2, '选择题', '以下哪个城市被称为“东方明珠”？\nA. 北京 B. 上海 C. 广州 D. 深圳', 'B', 0, '2024-04-15 06:03:40',
        0),
       (3, '选择题', '下列哪种动物是国家一级保护动物？\nA. 大熊猫 B. 狮子 C. 斑马 D. 大象', 'A', 0,
        '2024-04-15 06:03:40', 0),
       (4, '选择题', '《红楼梦》是谁的作品？\nA. 施耐庵 B. 曹雪芹 C. 罗贯中 D. 吴承恩', 'B', 0, '2024-04-15 06:03:40', 0),
       (5, '填空题', '中国的首都是？42314231412', '北京1', 0, '2024-04-15 06:03:40', 1),
       (6, '填空题', '太阳系中最大的行星是？', '木星', 0, '2024-04-15 06:03:40', 0),
       (7, '填空题', '《西游记》中的主人公是？', '孙悟空', 0, '2024-04-15 06:03:40', 0),
       (8, '填空题', '地球的自转周期是？', '24小时', 0, '2024-04-15 06:03:40', 0),
       (9, '简答题', '简述什么是人工智能？',
        '人工智能是一种模拟人类智能思维和行为的技术，通过计算机和其他智能系统来模拟、仿真和实现人类的认知能力和行为，以解决问题和完成任务。',
        0, '2024-04-15 06:03:40', 0),
       (10, '简答题', '什么是气候变化？',
        '气候变化是指地球气候系统的长期变化，通常是由于自然因素和人类活动引起的大气和海洋环境的变化，包括气温、降水、风速等方面的变化。',
        0, '2024-04-15 06:03:40', 0),
       (11, '简答题', '简述互联网的发展历程及其对社会的影响？',
        '互联网的发展历程包括ARPANET、万维网、Web2.0等阶段，它给社会带来了信息的快速传播、信息获取的便利、在线交流互动等方面的影响，推动了全球化、信息化和数字化进程。',
        0, '2024-04-15 06:03:40', 0),
       (12, '选择题', '地球上的最高峰是？\nA. 珠穆朗玛峰 B. 喜马拉雅山 C. 安纳普尔那峰 D. 阿尔岭山脉', 'A', 0,
        '2024-04-15 06:03:40', 0),
       (13, '选择题', '鱼的呼吸器官是？\nA. 肺 B. 腮 C. 皮肤 D. 皮鳞', 'B', 0, '2024-04-15 06:03:40', 0),
       (14, '选择题', '万里长城的修建始于哪个朝代？\nA. 明朝 B. 元朝 C. 秦朝 D. 汉朝', 'C', 0, '2024-04-15 06:03:40', 0),
       (15, '选择题', '以下哪个不是原子核中的组成部分？\nA. 中子 B. 质子 C. 电子 D. 重子', 'C', 0, '2024-04-15 06:03:40',
        0),
       (16, '选择题', '太阳的能量主要来源于？\nA. 氢气 B. 氦气 C. 核聚变 D. 核裂变', 'C', 0, '2024-04-15 06:03:40', 0),
       (17, '选择题', '哪个国家是世界上最大的岛国？\nA. 澳大利亚 B. 加拿大 C. 印尼 D. 日本', 'C', 0,
        '2024-04-15 06:03:40', 0),
       (18, '选择题', '《三国演义》是哪位文学家的作品？\nA. 曹雪芹 B. 施耐庵 C. 吴承恩 D. 罗贯中', 'D', 0,
        '2024-04-15 06:03:40', 0),
       (19, '选择题', '日本的国花是什么？\nA. 樱花 B. 菊花 C. 玫瑰 D. 郁金香', 'B', 0, '2024-04-15 06:03:40', 0),
       (20, '选择题', '世界上最深的海沟是？\nA. 马里亚纳海沟 B. 古巴海沟 C. 巴拿马海沟 D. 马里亚姆海沟', 'A', 0,
        '2024-04-15 06:03:40', 0),
       (21, '选择题', '麦当劳的招牌产品是？\nA. 汉堡包 B. 披萨 C. 热狗 D. 炸鸡', 'A', 0, '2024-04-15 06:03:40', 0),
       (22, '填空题', '长江上游的地方被称为？', '川西', 0, '2024-04-15 06:03:40', 0),
       (23, '填空题', '最大的淡水湖是？', '五大湖', 0, '2024-04-15 06:03:40', 0),
       (24, '填空题', '亚洲最大的岛国是？', '印度尼西亚', 0, '2024-04-15 06:03:40', 0),
       (25, '填空题', '万里长城的修建始于哪个朝代？', '春秋战国', 0, '2024-04-15 06:03:40', 0),
       (26, '填空题', '地球上最大的陆地生物是？', '非洲象', 0, '2024-04-15 06:03:40', 0),
       (27, '填空题', '北美洲最高的山峰是？', '麦金利', 0, '2024-04-15 06:03:40', 0),
       (28, '填空题', '中国古代的六艺不包括？', '琴棋书画', 0, '2024-04-15 06:03:40', 0),
       (29, '填空题', '诗歌体裁中最短的一种是？', '绝句', 0, '2024-04-15 06:03:40', 0),
       (30, '填空题', '我国最长的河流是？', '长江', 0, '2024-04-15 06:03:40', 0),
       (31, '填空题', '世界上最大的岛国是？', '印尼', 0, '2024-04-15 06:03:40', 0),
       (32, '简答题', '世界上最高的山峰是？', '珠穆朗玛峰，位于喜马拉雅山脉，海拔8844.43米。', 0, '2024-04-15 06:03:40', 0),
       (33, '简答题', '简述中国的长江。',
        '长江，中国第一大河，全长约6300公里，流域面积约180万平方公里，是中国的母亲河，也是世界第三长河。长江流经我国多个省市，对中国的经济、文化和交通起着重要作用。',
        0, '2024-04-15 06:03:40', 0),
       (34, '简答题', '简述鱼的呼吸器官。', '鱼的呼吸器官是腮，通过腮来吸取水中的氧气并排出二氧化碳。', 0,
        '2024-04-15 06:03:40', 0),
       (35, '简答题', '什么是万里长城？',
        '万里长城是中国古代的一项伟大工程，始建于春秋战国时期，起初是为了抵御北方游牧民族的侵袭。长城沿山脊、丘陵、河流等地形地势延伸，全长约21,196.18千米，是世界上最长的建筑物之一。',
        0, '2024-04-15 06:03:40', 0),
       (36, '简答题', '什么是原子核？',
        '原子核是原子的中心部分，由质子和中子组成。质子带正电荷，中子不带电荷。原子核带有正电荷，质子和中子的质量大致相等。电子绕着原子核运动。',
        0, '2024-04-15 06:03:40', 0),
       (37, '简答题', '简述太阳的能量来源。',
        '太阳的能量主要来源于核聚变反应。在太阳的核心，氢原子发生核聚变反应，将氢原子聚变成氦原子，释放出巨大的能量，这种过程被称为太阳的“核心”反应。',
        0, '2024-04-15 06:03:40', 0),
       (38, '简答题', '简述印尼是世界上最大的岛国。',
        '印尼位于东南亚，由数千个岛屿组成，总数达到17000多个，因此被称为“印度尼西亚群岛”，是世界上最大的岛国。', 0,
        '2024-04-15 06:03:40', 0),
       (39, '简答题', '《三国演义》是哪位文学家的作品？',
        '《三国演义》是中国古代小说，是元末明初小说家罗贯中创作的一部历史题材长篇小说，以三国时期的历史为背景，讲述了东汉末年到三国时期的历史故事。',
        0, '2024-04-15 06:03:40', 0),
       (40, '简答题', '简述日本的国花。',
        '日本的国花是菊花，菊花在日本被视为高贵、高洁的象征，被广泛应用于日本的文化、艺术和传统活动中。', 0,
        '2024-04-15 06:03:40', 0),
       (41, '简答题', '简述马里亚纳海沟。',
        '马里亚纳海沟是世界上最深的海沟，位于西太平洋西北部，深度达到约11034米，是地球表面海底地质学的一部分。', 0,
        '2024-04-15 06:03:40', 0),
       (42, '简答题', '简述长城的修建历史。',
        '长城的修建始于春秋战国时期，先秦时期的诸侯国为了防御北方的游牧民族，先后兴建了一些长城。到了秦朝，秦始皇统一六国后，修筑了万里长城，起始于今天的甘肃省嘉峪关，止于山海关。',
        0, '2024-04-15 06:03:40', 0),
       (43, '简答题', '简述长江的重要性及其流经的省市。',
        '长江是中国最长的河流，也是中国的母亲河之一，对中国的经济、文化和交通具有重要意义。长江流经的省市包括青海、西藏、四川、云南、重庆、湖北、湖南、江西、安徽、江苏、上海等，覆盖了中国的大部分发达地区。',
        0, '2024-04-15 06:03:40', 0),
       (44, '简答题', '简述鱼的呼吸方式。',
        '鱼类通过腮来呼吸水中的溶解氧，从而获取氧气，并通过皮肤和粘膜吸收水中溶解的氧气，同时释放二氧化碳。这种呼吸方式被称为鳃呼吸和皮肤呼吸。',
        0, '2024-04-15 06:03:40', 0),
       (45, '简答题', '什么是万里长城？',
        '万里长城是中国古代的一项伟大工程，起初是为了防御北方游牧民族的侵袭而修建的。长城东起山海关，西至嘉峪关，全长约21,196.18千米，是世界上最长的建筑物之一，也是中国的标志性建筑之一。',
        0, '2024-04-15 06:03:40', 0),
       (46, '简答题', '什么是原子核？',
        '原子核是原子的中心部分，由质子和中子组成。它带有正电荷，质子和中子的质量大致相等，约为电子质量的1800倍。原子核的直径大约是原子的1/10,000，但其中包含着原子的几乎所有质量。',
        0, '2024-04-15 06:03:40', 0),
       (47, '简答题', '简述太阳的能量来源。',
        '太阳的能量主要来源于核聚变反应。在太阳的核心，氢原子发生核聚变反应，将氢原子聚变成氦原子，释放出巨大的能量，这种过程被称为太阳的“主序”反应。',
        0, '2024-04-15 06:03:40', 0),
       (48, '简答题', '简述印尼是世界上最大的岛国。',
        '印尼是东南亚一个岛国，由于其领土包括17000多个岛屿，因此被称为世界上最大的岛国。印尼位于环太平洋火山带上，拥有丰富的自然资源和多样的文化。',
        0, '2024-04-15 06:03:40', 0),
       (49, '简答题', '《三国演义》是哪位文学家的作品？',
        '《三国演义》是元末明初小说家罗贯中创作的一部历史题材长篇小说，以三国时期的历史为背景，讲述了东汉末年到三国时期的历史故事，被誉为中国古典小说的四大名著之一。',
        0, '2024-04-15 06:03:40', 0),
       (50, '简答题', '简述日本的国花。',
        '日本的国花是菊花，菊花在日本被视为高贵、高洁的象征，被广泛应用于日本的文化、艺术和传统活动中。', 0,
        '2024-04-15 06:03:40', 0),
       (51, '简答题', '简述马里亚纳海沟。',
        '马里亚纳海沟是世界上最深的海沟，位于西太平洋西北部，深度达到约11034米，是地球表面海底地质学的一部分。', 0,
        '2024-04-15 06:03:40', 0),
       (53, '选择题', '世界上最大的洲是？\nA. 亚洲 B. 非洲 C. 欧洲 D. 北美洲', 'A', 0, '2024-04-15 06:03:40', 0);
/*!40000 ALTER TABLE `subject`
    ENABLE KEYS */;
UNLOCK TABLES;

--
-- Table structure for table `teacher`
--

DROP TABLE IF EXISTS `teacher`;
/*!40101 SET @saved_cs_client = @@character_set_client */;
/*!50503 SET character_set_client = utf8mb4 */;
CREATE TABLE `teacher`
(
    `id`          int(11)      NOT NULL AUTO_INCREMENT,
    `username`    varchar(50)  NOT NULL DEFAULT '',
    `password`    varchar(255) NOT NULL DEFAULT '',
    `real_name`   varchar(50)  NOT NULL DEFAULT '',
    `level`       tinyint(4)   NOT NULL DEFAULT '1',
    `school`      varchar(50)  NOT NULL DEFAULT '',
    `email`       varchar(50)  NOT NULL DEFAULT '0',
    `phone`       varchar(50)  NOT NULL DEFAULT '',
    `sex`         tinyint(4)   NOT NULL DEFAULT '0',
    `create_time` timestamp    NOT NULL DEFAULT CURRENT_TIMESTAMP COMMENT '创建时间',
    `is_del`      int(11)      NOT NULL DEFAULT '0',
    `version`     int(11)      NOT NULL DEFAULT '0',
    PRIMARY KEY (`id`) USING BTREE
) ENGINE = InnoDB
  AUTO_INCREMENT = 3890312
  DEFAULT CHARSET = utf8mb4
  ROW_FORMAT = DYNAMIC;

--
-- Dumping data for table `teacher`
--

LOCK TABLES `teacher` WRITE;
/*!40000 ALTER TABLE `teacher`
    DISABLE KEYS */;
INSERT INTO `teacher`
VALUES (3890001, '3890001', '159357', '冯静淑', 1, '重庆邮电大学', '1963551835@qq.com', '15501905622', 1,
        '2020-03-31 09:10:07', 0, 0),
       (3890011, '3890011', '159357', '沈芝玉', 1, '重庆邮电大学', '1708884815@qq.com', '13306387834', 1,
        '2020-03-31 09:10:07', 0, 0),
       (3890021, '3890021', '159357', '花启', 1, '重庆邮电大学', '1544192276@qq.com', '13507731614', 1,
        '2020-03-31 09:10:07', 0, 0),
       (3890030, '3890030', '159357', '余之', 1, '重庆邮电大学', '1625877976@qq.com', '15300308560', 0,
        '2020-03-31 09:10:07', 0, 0),
       (3890040, '3890040', '159357', '尤爱妹', 1, '重庆邮电大学', '1034979625@qq.com', '13004971520', 0,
        '2020-03-31 09:10:07', 0, 0),
       (3890050, '3890050', '159357', '韩欢霄', 1, '重庆邮电大学', '1401785583@qq.com', '15203875368', 0,
        '2020-03-31 09:10:07', 0, 0),
       (3890060, '3890060', '159357', '卞林有', 1, '重庆邮电大学', '1786307189@qq.com', '15806324835', 0,
        '2020-03-31 09:10:07', 0, 0),
       (3890070, '3890070', '159357', '时松善', 1, '重庆邮电大学', '1967037674@qq.com', '15007264285', 0,
        '2020-03-31 09:10:07', 0, 0),
       (3890080, '3890080', '159357', '雷谦', 1, '重庆邮电大学', '1349297112@qq.com', '15803877153', 0,
        '2020-03-31 09:10:07', 0, 0),
       (3890090, '3890090', '159357', '岑志', 1, '重庆邮电大学', '1529310157@qq.com', '15305324810', 0,
        '2020-03-31 09:10:07', 0, 0),
       (3890100, '3890100', '159357', '闵世', 1, '重庆邮电大学', '1562878504@qq.com', '13801569100', 0,
        '2020-03-31 09:10:07', 0, 0),
       (3890111, '3890111', '159357', '倪峰', 1, '重庆邮电大学', '1218208094@qq.com', '13201196252', 1,
        '2020-03-31 09:10:08', 0, 0),
       (3890121, '3890121', '159357', '乐博', 1, '重庆邮电大学', '1878740423@qq.com', '15707822243', 1,
        '2020-03-31 09:10:08', 0, 0),
       (3890130, '3890130', '159357', '张河哲', 1, '重庆邮电大学', '1418974154@qq.com', '13903362620', 0,
        '2020-03-31 09:10:08', 0, 0),
       (3890140, '3890140', '159357', '水达安', 1, '重庆邮电大学', '1861931683@qq.com', '13803977654', 0,
        '2020-03-31 09:10:08', 0, 0),
       (3890150, '3890150', '159357', '余进', 1, '重庆邮电大学', '1986037053@qq.com', '15200484007', 0,
        '2020-03-31 09:10:08', 0, 0),
       (3890160, '3890160', '159357', '水昌成', 1, '重庆邮电大学', '1222509395@qq.com', '13301415159', 0,
        '2020-03-31 09:10:08', 0, 0),
       (3890170, '3890170', '159357', '邬爽', 1, '重庆邮电大学', '1920238756@qq.com', '15706327447', 0,
        '2020-03-31 09:10:08', 0, 0),
       (3890180, '3890180', '159357', '穆思', 1, '重庆邮电大学', '1514580859@qq.com', '13203831721', 0,
        '2020-03-31 09:10:08', 0, 0),
       (3890191, '3890191', '159357', '张榕', 1, '重庆邮电大学', '1040370175@qq.com', '13701634820', 1,
        '2020-03-31 09:10:08', 0, 0),
       (3890201, '3890201', '159357', '喻清', 1, '重庆邮电大学', '1834713942@qq.com', '15200438039', 1,
        '2020-03-31 09:10:08', 0, 0),
       (3890211, '3890211', '159357', '薛保', 1, '重庆邮电大学', '1601714145@qq.com', '13000134418', 1,
        '2020-03-31 09:10:08', 0, 0),
       (3890221, '3890221', '159357', '薛胜1', 1, '重庆邮电大学', '1362849132@qq.com', '13305326764', 1,
        '2020-03-31 09:10:08', 0, 0),
       (3890230, '3890230', '159357', '陈学祥', 1, '重庆邮电大学', '1822630732@qq.com', '13504492052', 0,
        '2020-03-31 09:10:08', 0, 0),
       (3890240, '3890240', '159357', '湛文', 1, '重庆邮电大学', '1411341634@qq.com', '15805962625', 0,
        '2020-03-31 09:10:09', 0, 0),
       (3890251, '3890251', '159357', '金先', 1, '重庆邮电大学', '1954401657@qq.com', '13908853584', 1,
        '2020-03-31 09:10:09', 0, 0),
       (3890261, '3890261', '159357', '魏达安', 1, '重庆邮电大学', '1291977381@qq.com', '15906847962', 1,
        '2020-03-31 09:10:09', 0, 0),
       (3890270, '3890270', '159357', '杨敬震', 1, '重庆邮电大学', '1256798176@qq.com', '15600310242', 0,
        '2020-03-31 09:10:09', 0, 0),
       (3890281, '3890281', '159357', '殷义兴', 1, '重庆邮电大学', '1130372848@qq.com', '15006590956', 1,
        '2020-03-31 09:10:09', 0, 0),
       (3890290, '3890290', '159357', '马文', 1, '重庆邮电大学', '1814243309@qq.com', '15700204442', 0,
        '2020-03-31 09:10:09', 0, 0),
       (3890311, '6020300', '123456', 'test111', 1, '重庆邮电大学', '1809674320@qq.com', '15823842783', 0,
        '2024-03-29 11:33:39', 1, 0);
/*!40000 ALTER TABLE `teacher`
    ENABLE KEYS */;
UNLOCK TABLES;

--
-- Table structure for table `teacher_course`
--

DROP TABLE IF EXISTS `teacher_course`;
/*!40101 SET @saved_cs_client = @@character_set_client */;
/*!50503 SET character_set_client = utf8mb4 */;
CREATE TABLE `teacher_course`
(
    `id`         int(11)      NOT NULL AUTO_INCREMENT,
    `teacher_id` varchar(20)  NOT NULL,
    `username`   varchar(255) NOT NULL,
    `name`       varchar(255) NOT NULL,
    `profession` varchar(255) NOT NULL,
    `grade`      varchar(255) NOT NULL,
    `term`       tinyint(4)   NOT NULL,
    `course_id`  varchar(50)  NOT NULL,
    `is_del`     int(11)      NOT NULL DEFAULT '0',
    `version`    int(11)      NOT NULL DEFAULT '0',
    PRIMARY KEY (`id`) USING BTREE
) ENGINE = InnoDB
  AUTO_INCREMENT = 28
  DEFAULT CHARSET = utf8mb4
  ROW_FORMAT = DYNAMIC;

--
-- Dumping data for table `teacher_course`
--

LOCK TABLES `teacher_course` WRITE;
/*!40000 ALTER TABLE `teacher_course`
    DISABLE KEYS */;
INSERT INTO `teacher_course`
VALUES (1, '3890290', '3890290', '数字电路基础', '电子信息工程', '1601', 1, '2016011001', 0, 0),
       (2, '3890290', '3890290', '物联网工程导论', '物联网', '1601', 1, '2016021001', 0, 0),
       (3, '3890290', '3890290', '计算机网络技术', '计算机', '1601', 1, '2016031001', 0, 0),
       (4, '3890290', '3890290', '高频电子线路', '通信工程', '1601', 1, '2016041001', 0, 0),
       (7, '3890281', '3890281', '大学物理', '电子信息工程', '1601', 1, '2016011002', 0, 0),
       (8, '3890281', '3890281', '物联网安全', '物联网', '1601', 1, '2016021002', 0, 0),
       (9, '3890281', '3890281', '网络与通信', '计算机', '1601', 1, '2016031002', 0, 0),
       (10, '3890281', '3890281', '光纤通讯', '通信工程', '1601', 1, '2016041002', 0, 0),
       (11, '3890270', '3890270', '线性代数', '电子信息工程', '1601', 1, '2016011003', 0, 0),
       (12, '3890270', '3890270', '现代通信技术', '物联网', '1601', 1, '2016021003', 0, 0),
       (13, '3890270', '3890270', '计算机安全', '计算机', '1601', 1, '2016031003', 0, 0),
       (14, '3890270', '3890270', '移动通讯', '通信工程', '1601', 1, '2016041003', 0, 0),
       (15, '3890261', '3890261', '复变函数', '电子信息工程', '1601', 1, '2016011004', 1, 0),
       (16, '3890261', '3890261', '现代传感器技术', '物联网', '1601', 1, '2016021005', 0, 0),
       (17, '3890261', '3890261', '算法与数据结构', '计算机', '1601', 1, '2016031004', 0, 0),
       (18, '3890261', '3890261', '电路分析', '通信工程', '1601', 1, '2016041004', 0, 0),
       (19, '3890251', '3890251', '模拟电子线路', '电子信息工程', '1601', 1, '2016011005', 0, 0),
       (20, '3890251', '3890251', '信号与系统概论', '物联网', '1601', 1, '2016021006', 0, 0),
       (21, '3890251', '3890251', '多媒体信息处理', '计算机', '1601', 1, '2016031005', 0, 0),
       (22, '3890251', '3890251', '程控交换技术', '通信工程', '1601', 1, '2016041005', 0, 0),
       (23, '3890240', '3890240', '信号与系统', '电子信息工程', '1601', 1, '2016011006', 0, 0),
       (24, '3890240', '3890240', '无线传感器网络', '物联网', '1601', 1, '2016021004', 0, 0),
       (25, '3890240', '3890240', '计算机组成原理', '计算机', '1601', 1, '2016031006', 0, 0),
       (26, '3890240', '3890240', '光纤通讯', '通信工程', '1601', 1, '2016041006', 0, 0),
       (27, '3890281', '3890290', '网络与通信', '计算机', '2017', 1, '2016031002', 1, 0);
/*!40000 ALTER TABLE `teacher_course`
    ENABLE KEYS */;
UNLOCK TABLES;

--
-- Table structure for table `timetable`
--

DROP TABLE IF EXISTS `timetable`;
/*!40101 SET @saved_cs_client = @@character_set_client */;
/*!50503 SET character_set_client = utf8mb4 */;
CREATE TABLE `timetable`
(
    `id`         int(11)     NOT NULL AUTO_INCREMENT,
    `week_id`    int(11)     NOT NULL,
    `profession` varchar(50) NOT NULL,
    `grade`      varchar(50) NOT NULL,
    `year`       int(11)     NOT NULL,
    `term`       tinyint(4)  NOT NULL,
    `is_del`     int(11)     NOT NULL DEFAULT '0',
    `version`    int(11)     NOT NULL DEFAULT '0',
    PRIMARY KEY (`id`) USING BTREE
) ENGINE = InnoDB
  AUTO_INCREMENT = 41
  DEFAULT CHARSET = utf8mb4
  ROW_FORMAT = DYNAMIC;

--
-- Dumping data for table `timetable`
--

LOCK TABLES `timetable` WRITE;
/*!40000 ALTER TABLE `timetable`
    DISABLE KEYS */;
INSERT INTO `timetable`
VALUES (1, 1, '电子信息工程', '1601', 2016, 1, 0, 0),
       (2, 2, '电子信息工程', '1601', 2016, 1, 0, 0),
       (3, 3, '电子信息工程', '1601', 2016, 1, 0, 0),
       (4, 4, '电子信息工程', '1601', 2016, 1, 0, 0),
       (5, 5, '电子信息工程', '1601', 2016, 1, 0, 0),
       (6, 6, '电子信息工程', '1601', 2016, 1, 0, 0),
       (7, 7, '电子信息工程', '1601', 2016, 1, 0, 0),
       (8, 8, '电子信息工程', '1601', 2016, 1, 0, 0),
       (9, 9, '电子信息工程', '1601', 2016, 1, 0, 0),
       (10, 10, '电子信息工程', '1601', 2016, 1, 0, 0),
       (11, 11, '物联网', '1601', 2016, 1, 0, 0),
       (12, 12, '物联网', '1601', 2016, 1, 0, 0),
       (13, 13, '物联网', '1601', 2016, 1, 0, 0),
       (14, 14, '物联网', '1601', 2016, 1, 0, 0),
       (15, 15, '物联网', '1601', 2016, 1, 0, 0),
       (16, 16, '物联网', '1601', 2016, 1, 0, 0),
       (17, 17, '物联网', '1601', 2016, 1, 0, 0),
       (18, 18, '物联网', '1601', 2016, 1, 0, 0),
       (19, 19, '物联网', '1601', 2016, 1, 0, 0),
       (20, 20, '物联网', '1601', 2016, 1, 0, 0),
       (21, 21, '计算机', '1601', 2016, 1, 0, 0),
       (22, 22, '计算机', '1601', 2016, 1, 0, 0),
       (23, 23, '计算机', '1601', 2016, 1, 0, 0),
       (24, 24, '计算机', '1601', 2016, 1, 0, 0),
       (25, 25, '计算机', '1601', 2016, 1, 0, 0),
       (26, 26, '计算机', '1601', 2016, 1, 0, 0),
       (27, 27, '计算机', '1601', 2016, 1, 0, 0),
       (28, 28, '计算机', '1601', 2016, 1, 0, 0),
       (29, 29, '计算机', '1601', 2016, 1, 0, 0),
       (30, 30, '计算机', '1601', 2016, 1, 0, 0),
       (31, 31, '通信工程', '1601', 2016, 1, 0, 0),
       (32, 32, '通信工程', '1601', 2016, 1, 0, 0),
       (33, 33, '通信工程', '1601', 2016, 1, 0, 0),
       (34, 34, '通信工程', '1601', 2016, 1, 0, 0),
       (35, 35, '通信工程', '1601', 2016, 1, 0, 0),
       (36, 36, '通信工程', '1601', 2016, 1, 0, 0),
       (37, 37, '通信工程', '1601', 2016, 1, 0, 0),
       (38, 38, '通信工程', '1601', 2016, 1, 0, 0),
       (39, 39, '通信工程', '1601', 2016, 1, 0, 0),
       (40, 40, '通信工程', '1601', 2016, 1, 0, 0);
/*!40000 ALTER TABLE `timetable`
    ENABLE KEYS */;
UNLOCK TABLES;

--
-- Table structure for table `upload`
--

DROP TABLE IF EXISTS `upload`;
/*!40101 SET @saved_cs_client = @@character_set_client */;
/*!50503 SET character_set_client = utf8mb4 */;
CREATE TABLE `upload`
(
    `id`          int(11)      NOT NULL AUTO_INCREMENT,
    `user_id`     varchar(255) NOT NULL,
    `level`       int(11)      NOT NULL DEFAULT '0',
    `url`         text         NOT NULL,
    `is_del`      int(11)      NOT NULL DEFAULT '0',
    `object_name` varchar(100)          DEFAULT NULL,
    `version`     int(11)      NOT NULL DEFAULT '0',
    PRIMARY KEY (`id`) USING BTREE
) ENGINE = InnoDB
  AUTO_INCREMENT = 10
  DEFAULT CHARSET = utf8mb4
  ROW_FORMAT = DYNAMIC;

--
-- Dumping data for table `upload`
--

LOCK TABLES `upload` WRITE;
/*!40000 ALTER TABLE `upload`
    DISABLE KEYS */;
INSERT INTO `upload`
VALUES (6, '3168901104', 2,
        'http://localhost:9000/course-mng/2/3168901104/1e3d1f1a-33b5-4677-a70d-7ab754f3c436.jpg?X-Amz-Algorithm=AWS4-HMAC-SHA256&X-Amz-Credential=minioadmin%2F20240506%2Fus-east-1%2Fs3%2Faws4_request&X-Amz-Date=20240506T143521Z&X-Amz-Expires=604800&X-Amz-SignedHeaders=host&X-Amz-Signature=4e4e471ceafa29cffcb8405a68cbc7fdd2ea85998cf6e7c8a9f1292054b77b83',
        0, '2/3168901104/1e3d1f1a-33b5-4677-a70d-7ab754f3c436.jpg', 1),
       (7, '3890030', 1,
        'http://localhost:9000/course-mng/1/3890030/4f60c9ba-d99c-4dac-9767-4d833a430d90.jpg?X-Amz-Algorithm=AWS4-HMAC-SHA256&X-Amz-Credential=minioadmin%2F20240415%2Fus-east-1%2Fs3%2Faws4_request&X-Amz-Date=20240415T112619Z&X-Amz-Expires=604800&X-Amz-SignedHeaders=host&X-Amz-Signature=7fa6835f80bd2d834b7dc7d113e42b46cecca273ca6978f9e1f4c180d6dc1815',
        0, '1/3890030/98d6ec65-bb2c-4b41-8f7f-ac723085b59b.jpg', 0),
       (8, '1', 0,
        'http://localhost:9000/course-mng/0/1/4f60c9ba-d99c-4dac-9767-4d833a430d90.jpg?X-Amz-Algorithm=AWS4-HMAC-SHA256&X-Amz-Credential=minioadmin%2F20240507%2Fus-east-1%2Fs3%2Faws4_request&X-Amz-Date=20240507T120820Z&X-Amz-Expires=604800&X-Amz-SignedHeaders=host&X-Amz-Signature=fe8efda3d502165dc303efee18287fcc138bc09c6752a3a8c1f68d499b2b0c7d',
        0, '0/1/4f60c9ba-d99c-4dac-9767-4d833a430d90.jpg', 1),
       (9, '3890290', 1,
        'http://localhost:9000/course-mng/1/3890290/859d30a4-5089-47bd-822e-0c435b009a82.png?X-Amz-Algorithm=AWS4-HMAC-SHA256&X-Amz-Credential=minioadmin%2F20240506%2Fus-east-1%2Fs3%2Faws4_request&X-Amz-Date=20240506T143550Z&X-Amz-Expires=604800&X-Amz-SignedHeaders=host&X-Amz-Signature=92268cf5d9ec97413ed0bd5a4fe4e05d085b74bfcbd8992498e941f2564a80ea',
        0, '1/3890290/859d30a4-5089-47bd-822e-0c435b009a82.png', 0);
/*!40000 ALTER TABLE `upload`
    ENABLE KEYS */;
UNLOCK TABLES;

--
-- Table structure for table `week`
--

DROP TABLE IF EXISTS `week`;
/*!40101 SET @saved_cs_client = @@character_set_client */;
/*!50503 SET character_set_client = utf8mb4 */;
CREATE TABLE `week`
(
    `id`        int(11) NOT NULL AUTO_INCREMENT,
    `monday`    varchar(50)      DEFAULT NULL,
    `tuesday`   varchar(50)      DEFAULT NULL,
    `wednesday` varchar(50)      DEFAULT NULL,
    `thursday`  varchar(50)      DEFAULT NULL,
    `friday`    varchar(50)      DEFAULT NULL,
    `saturday`  varchar(50)      DEFAULT NULL,
    `sunday`    varchar(50)      DEFAULT NULL,
    `is_del`    int(11) NOT NULL DEFAULT '0',
    `version`   int(11) NOT NULL DEFAULT '0',
    PRIMARY KEY (`id`) USING BTREE
) ENGINE = InnoDB
  AUTO_INCREMENT = 41
  DEFAULT CHARSET = utf8mb4
  ROW_FORMAT = DYNAMIC;

--
-- Dumping data for table `week`
--

LOCK TABLES `week` WRITE;
/*!40000 ALTER TABLE `week`
    DISABLE KEYS */;
INSERT INTO `week`
VALUES (1, '大学物理', '一', '模拟电子线路', '一', '一', '一', '一', 0, 1),
       (2, '大学物理', '一', '模拟电子线路', '一', '一', '一', '一', 0, 1),
       (3, '一', '线性代数', '一', '复变函数', '信号与系统', '一', '一', 0, 1),
       (4, '一', '线性代数', '一', '复变函数', '信号与系统', '一', '一', 0, 1),
       (5, '信号与系统', '数字电路基础', '大学物理', '大学物理', '一', '一', '一', 0, 1),
       (6, '信号与系统', '数字电路基础', '大学物理', '大学物理', '一', '一', '一', 0, 1),
       (7, '一', '一', '一', '一', '一', '一', '一', 0, 1),
       (8, '一', '一', '一', '一', '一', '一', '一', 0, 1),
       (9, '一', '一', '一', '一', '一', '一', '一', 0, 1),
       (10, '一', '一', '一', '一', '一', '一', '一', 0, 1),
       (11, '一', '信号与系统概论', '一', '物联网安全', '现代通信技术', '一', '一', 0, 0),
       (12, '一', '信号与系统概论', '一', '物联网安全', '现代通信技术', '一', '一', 0, 0),
       (13, '一', '一', '一', '一', '一', '一', '一', 0, 0),
       (14, '一', '一', '一', '一', '一', '一', '一', 0, 0),
       (15, '物联网工程导论', '无线传感器网络', '现代传感器技术', '一', '一', '一', '一', 0, 0),
       (16, '物联网工程导论', '无线传感器网络', '现代传感器技术', '一', '一', '一', '一', 0, 0),
       (17, '现代通信技术', '一', '一', '物联网工程导论', '一', '一', '一', 0, 0),
       (18, '现代通信技术', '一', '一', '物联网工程导论', '一', '一', '一', 0, 0),
       (19, '一', '一', '一', '一', '一', '一', '一', 0, 0),
       (20, '一', '一', '一', '一', '一', '一', '一', 0, 0),
       (21, '一', '算法与数据结构', '一', '一', '一', '一', '一', 0, 0),
       (22, '一', '算法与数据结构', '一', '一', '一', '一', '一', 0, 0),
       (23, '网络与通信', '一', '计算机网络技术', '网络与通信', '一', '一', '一', 0, 0),
       (24, '网络与通信', '一', '计算机网络技术', '网络与通信', '一', '一', '一', 0, 0),
       (25, '一', '一', '计算机组成原理', '多媒体信息处理', '一', '一', '一', 0, 0),
       (26, '一', '一', '计算机组成原理', '多媒体信息处理', '一', '一', '一', 0, 0),
       (27, '一', '多媒体信息处理', '一', '一', '计算机组成原理', '一', '一', 0, 0),
       (28, '一', '多媒体信息处理', '一', '一', '计算机组成原理', '一', '一', 0, 0),
       (29, '一', '一', '一', '一', '一', '一', '一', 0, 0),
       (30, '一', '一', '一', '一', '一', '一', '一', 0, 0),
       (31, '一', '一', '一', '高频电子线路', '一', '一', '一', 0, 0),
       (32, '一', '一', '一', '高频电子线路', '一', '一', '一', 0, 0),
       (33, '一', '一', '一', '光纤通讯', '一', '一', '一', 0, 0),
       (34, '一', '一', '一', '光纤通讯', '一', '一', '一', 0, 0),
       (35, '通信原理', '光纤通讯', '一', '电路分析', '移动通讯', '一', '一', 0, 0),
       (36, '通信原理', '光纤通讯', '一', '电路分析', '移动通讯', '一', '一', 0, 0),
       (37, '高频电子线路', '一', '电路分析', '一', '一', '一', '一', 0, 0),
       (38, '高频电子线路', '一', '电路分析', '一', '一', '一', '一', 0, 0),
       (39, '一', '一', '一', '一', '一', '一', '一', 0, 0),
       (40, '一', '一', '一', '一', '一', '一', '一', 0, 0);
/*!40000 ALTER TABLE `week`
    ENABLE KEYS */;
UNLOCK TABLES;
/*!40103 SET TIME_ZONE = @OLD_TIME_ZONE */;

/*!40101 SET SQL_MODE = @OLD_SQL_MODE */;
/*!40014 SET FOREIGN_KEY_CHECKS = @OLD_FOREIGN_KEY_CHECKS */;
/*!40014 SET UNIQUE_CHECKS = @OLD_UNIQUE_CHECKS */;
/*!40101 SET CHARACTER_SET_CLIENT = @OLD_CHARACTER_SET_CLIENT */;
/*!40101 SET CHARACTER_SET_RESULTS = @OLD_CHARACTER_SET_RESULTS */;
/*!40101 SET COLLATION_CONNECTION = @OLD_COLLATION_CONNECTION */;
/*!40111 SET SQL_NOTES = @OLD_SQL_NOTES */;

-- Dump completed on 2024-05-29 21:09:36
